"","Happiness_Score","Econonmy_GDP_Per_Capita","Family","Health_Life_Expectancy","Freedom","Trust_Government_Corruption","Generosity","Air_Pollution","Internet_Usage_Index","Cellular_Subscriber_Index","Total_Population","Child_Mortality_Index","Alcohol_Consumption_Index","Birth_Rate_Index","Mental_and_Substance_Disorder_Index","Suicide_Index","Clean_Water_Index","Population_Growth_Rate","HIV_Disease_Index","Obesity_Index","Electricity_Access_Population_Percentage","Compulsory_Education_in_Years","Agricultural_Land_Percentage","Entrepreneurship_Cost_Index","Forest_Area_Land_Percentage","Infant_Immunization_Measles_Index","Automotive_Mortality_Index","Urban_Population_Percentage","Legal_Rights_Index"
"Switzerland",1.77272582615019,1.34841775978212,1.79847611346613,1.5917414195252,1.73752772175066,1.75142802933005,0.572309606070039,-0.932277357775377,1.17348466282553,0.709027035225295,-0.239565992514353,-0.972449316550956,0.728732328202691,-0.913647201385053,0.744333098708172,0.407675132119018,1.13675887945677,-0.160889476162922,0.316161802149676,-0.296409602086355,0.753536111752307,1.01235167335525,-0.250110791591809,-0.533070234972238,0.10384389310277,0.178064446895181,-1.59084106097773,0.57631937115365,0.23780792053137
"Iceland",1.75254250663481,1.10481335658561,2.58320552998128,1.65628317017099,1.41537385417651,0.321079036394997,1.42793472917672,-1.78773102433333,2.43147239939543,0.083408245902866,-2.52525985313889,-2.43147239939543,0.0660118123758406,-0.23780792053137,0.451330925639339,0.271492214357256,1.13675887945677,-0.437630531047301,0.199201324789267,0.141825242326317,0.753536111752307,0.170642380389107,-1.12597839273265,-0.588210549209055,-1.61985625863827,0.0522995556137046,-1.59084106097773,1.53580412177857,-0.113323059587658
"Denmark",1.72611833078369,1.16466909894562,1.92841260037413,1.02520816500103,1.59422778792206,1.96176545588311,0.868960735554888,-1.17829142634161,1.87968973092101,0.483811708601436,-0.490146231781829,-1.10150554678709,0.680416776238936,-0.588210549209055,0.434736079276094,0.127238581134746,1.13675887945677,-0.588210549209055,0.122812419850878,-0.257241329086499,0.753536111752307,0.170642380389107,0.905385110276235,-1.82720353259824,-0.396509334145014,-0.159591765939658,-1.62446330993587,1.22641151469929,0.928046482316424
"Norway",1.72222948630676,1.51028512949088,1.60390766404316,1.10458289387,1.77474925093935,1.54900698979766,0.904487752243635,-1.50302934228627,2.00360134237245,0.0020357144454326,-0.550071296467694,-1.87968973092101,0.0943740485029919,-0.376201746254725,1.24885042056394,0.0884216952401798,1.13675887945677,-0.0754588663820661,-0.336038140371823,0.356048143350943,0.753536111752307,0.170642380389107,-1.8062669870491,-1.08438193805418,0.199201324789267,0.323075501494712,-1.64139066931242,0.884600644684893,-0.113323059587658
"Canada",1.64819728797655,1.16676301739866,1.52409566944435,1.26756905160829,1.45149893724824,1.40440802027746,1.54502675813509,-1.95896029891963,1.29451172542578,-0.801691058200022,0.681940631733698,-0.728732328202692,0.704368997936395,-0.830926702888386,1.57006803334514,0.286183313530365,0.610767694252199,-0.218463917270781,0.416981787294106,1.29451172542578,0.753536111752307,0.170642380389107,-1.63080017947869,-1.55351247251084,0.47950565333095,-0.251114734622305,-1.23980902283533,0.94863951345667,1.21186539705991
"Finland",1.63179505298047,1.0736305569153,1.48405653732676,1.13468641207554,1.5270281708781,1.73011580853253,0.102281109456979,-1.89907025093515,1.55351247251084,0.680755798243598,-0.514801043320221,-2.16909874493611,1.33936730456084,-0.458467590871497,1.54070951147403,0.747012702396658,1.13675887945677,-0.656848717406931,-0.52223925228217,0.208822935409233,0.753536111752307,-0.255436412643878,-1.60591524824454,-1.01885738688099,1.87968973092101,0.323075501494712,-1.45933586584288,1.06203470836051,0.645200916293897
"Netherlands",1.60990426632409,1.17490636428085,1.1708256646312,1.16391250506314,1.30451455458768,1.35513896779162,1.63887285515919,-0.738008199286851,1.69420905962633,0.350071305467389,0.216500722736111,-1.21186539705991,0.622163161537351,-0.565948821932863,1.3369041147128,-0.00214969771176432,1.13675887945677,-0.8045963803603,-0.199201324789267,-0.0660118123758407,0.753536111752307,1.01235167335525,0.526638086848783,-0.356048143350943,-0.588210549209055,0.323075501494712,-1.59084106097773,1.36113642283267,-0.844309926467412
"Sweden",1.59894977969485,1.18077507007282,1.23879205056964,1.31168790706455,1.68617244230532,1.81551593508727,1.00179944062406,-2.3195909456081,1.33936730456084,0.54039357084031,-0.135498575910673,-1.77931599593264,0.468960676235104,-0.276772384337838,1.25852989376742,0.466024246897702,1.13675887945677,-0.376201746254725,-0.437630531047301,-0.0282740103804692,0.753536111752307,-0.255436412643878,-1.60664905638626,-1.46523379268552,1.77931599593264,0.712670905474592,-1.70989462168395,1.13777643659016,0.23780792053137
"New Zealand",1.53780588181175,0.970167191253994,1.4969217634012,1.290512842448,1.50695051695391,1.78413363295455,1.63325439575582,-2.88511539180979,1.25211952026522,0.302513601174193,-0.630129119687121,-0.753536111752307,0.957438716409626,-0.141825242326318,2.3751455364334,0.307950071916862,1.13675887945677,-0.180012369792705,-0.296409602086355,1.43820484883178,0.753536111752307,0.170642380389107,-0.0622283071426763,-1.65588869757704,0.52223925228217,0.0522995556137046,-1.1943873265134,1.16009300176767,2.16909874493611
"Australia",1.53623558393798,1.1856098472389,1.40408139719498,1.49661975180424,1.61056507726279,1.51477227934813,1.42422294858554,-2.52037453304309,1.06757052387814,0.607519282828632,0.429003167358467,-0.913647201385053,1.61985625863827,-0.356048143350943,2.47989625469686,0.206915360754014,1.13675887945677,0.218463917270781,-0.0849126598079153,1.21186539705991,0.753536111752307,0.170642380389107,0.193808272305401,-1.25211952026522,-0.356048143350943,0.323075501494712,-1.30123260893723,1.3098158522781,1.82720353259824
"Israel",1.53152393481284,0.914406027011368,0.794589841351966,1.33741018269716,-0.225389222916988,-0.320306509420145,0.806757097507397,-0.190185389541717,0.8045963803603,0.62599245464902,-0.259924948062578,-1.06757052387814,-0.656848717406931,0.588210549209055,-0.263334484934877,-0.316270511591966,1.13675887945677,0.336038140371823,-0.00942355403831797,0.778812411231225,0.753536111752307,1.42810865151602,-0.862195083958623,-0.437630531047301,-0.8045963803603,1.01584144813061,-1.65839662509888,1.43990412297254,0.23780792053137
"Costa Rica",1.49064200238752,0.212981175253097,0.880613377882039,0.922075925466632,1.45831229914661,-0.00323220298419187,0.269094613237254,-0.261028039299727,0.218463917270781,1.09925549224706,-0.60256182179405,-0.276772384337838,-0.306270765356875,-0.396509334145014,-1.69049756616723,-0.537765908729133,0.170443131739819,-0.141825242326318,-0.276772384337838,0.680416776238936,-0.160889476162922,1.42810865151602,-0.375145154949348,0.0849126598079153,1.25211952026522,0.0522995556137046,-0.0539984125967496,0.712629459324577,1.58581203457578
"Austria",1.47016884202469,1.19504724310224,1.30213424652591,1.14490160092229,1.37736332658076,0.654404303038642,0.801301371317266,-0.511611566734227,1.03482235752387,1.28349314326557,-0.212020409056823,-1.25211952026522,0.437630531047301,-1.13675887945677,0.857726644816183,0.53845781764225,1.13675887945677,-0.52223925228217,0.356048143350943,-0.160889476162922,0.753536111752307,-0.255436412643878,-0.490580627194613,-0.199201324789267,0.942640803295792,0.495771095309021,-1.25507149404962,0.207300001814423,-0.336038140371823
"Mexico",1.45992416954214,0.37905628175595,-0.506653530746277,0.623828194779977,0.252568509531824,0.820556849676468,-0.735571524761786,-0.251990222530614,0.160889476162922,-0.714545151090871,1.41935656207366,0.199201324789267,0.0471345198529629,0.0660118123758406,-1.68552400260358,-0.788189486671899,-0.00942355403831797,0.141825242326317,-0.0660118123758407,1.17348466282553,-0.218463917270781,1.84054851384303,0.544434826296858,0.437630531047301,0.276772384337838,0.712670905474592,-0.419537126544042,0.826718798411747,1.58581203457578
"United States",1.4062481717909,1.3432403839988,0.939923633591537,0.932740889472555,0.736909528677993,0.45791609328465,1.23033995811271,-1.63359256103511,0.728732328202691,0.183668107613812,1.93897699612653,-0.610767694252199,0.500758133851913,-0.336038140371823,2.4600438407298,0.578852966148298,0.376201746254726,-0.396509334145014,0.633640000779701,2.16909874493611,0.753536111752307,1.42810865151602,0.0390274669846708,-0.957438716409626,0.257241329086499,-0.0591858291998884,-0.544892370247446,0.938659281096374,1.82720353259824
"Brazil",1.29844460082764,0.278237169441849,0.849237323175016,0.00685401273348442,0.315905503773478,0.575861536918778,-0.684379368282121,-1.1289420895901,0.199201324789267,0.435153391055663,1.69662628440485,-0.00942355403831797,0.533070234972238,-0.543964117424632,1.20666188606637,-0.631650912833757,0.23780792053137,-0.316161802149676,0.296409602086355,0.160889476162922,-0.0660118123758407,1.84054851384303,-0.451008378868482,-0.336038140371823,1.33936730456084,0.495771095309021,0.734857324561165,1.13168822682263,-0.844309926467412
"Luxembourg",1.26900995963245,1.7824535063812,0.768888547003789,1.38168428762114,1.30510682462873,1.5989986146578,0.456263046538528,-0.549547127929963,2.16909874493611,1.04033394857498,-2.11659076746131,-1.03482235752387,0.957438716409626,-0.857846111946041,0.755367229402204,0.0182341442606989,1.13675887945677,0.500758133851913,0.336038140371823,0.326083867695166,0.753536111752307,1.01235167335525,0.340198796138524,-0.704368997936395,0.23780792053137,1.66082955953865,-0.96087060218296,1.34505823291565,-0.500758133851913
"Ireland",1.2642324659429,1.19176346682992,2.04255258954342,1.18366675352907,1.32153923996133,1.21349480959447,1.54977906426689,-1.37131237918139,0.913647201385053,-0.207663631833613,-0.617779437539547,-1.33936730456084,0.899434907667234,-0.160889476162922,1.43840883635024,0.118048101728561,0.199201324789267,-0.588210549209055,-0.23780792053137,0.656848717406931,0.753536111752307,0.170642380389107,1.01228029944802,-1.82720353259824,-0.633640000779701,0.0522995556137046,-1.52450397279038,0.0817740239594924,0.645200916293897
"Belgium",1.26184326690877,1.119025199289,1.21242032809369,1.19438035831632,1.0445392009247,0.892564438918402,0.0133652507580825,-0.638288736735148,1.13675887945677,0.130491222053371,-0.0418660585007459,-1.00314796766253,0.857846111946041,-0.416981787294107,1.0762254162973,0.963358390622671,1.13675887945677,-0.416981787294107,0.160889476162922,0.180012369792705,0.753536111752307,1.01235167335525,0.0148924786424984,-0.266994125404953,-0.180012369792705,0.495771095309021,-1.04678089250686,1.71512127278402,-0.336038140371823
"United Arab Emirates",1.23314929878428,1.42807105163759,0.281971115558465,0.592564966452942,1.52598394361396,1.62863249113396,0.338979157183008,1.54670176767301,1.43820484883178,2.0924580483191,-0.17730167553706,-0.588210549209055,-0.448024744793407,-0.500758133851913,-0.406724890961788,-1.45167284293192,0.511469190920836,-0.10384389310277,-1.06757052387814,1.49337770394981,0.753536111752307,-1.5553684153474,-1.72808735739666,0.10384389310277,-0.972449316550956,1.66082955953865,-0.674327657692707,1.12474514939147,-0.844309926467412
"United Kingdom",1.20600928636443,1.01196012629081,1.21103990563095,1.29946262979852,1.14120502367961,1.36616507085121,1.85407268873573,-0.990823664898075,1.49337770394981,0.366630251505463,1.03975530909921,-0.857846111946041,1.38709258154609,-0.296409602086355,0.995860981063219,-0.275847129666484,1.13675887945677,-0.458467590871497,0.0471345198529629,1.00314796766253,0.753536111752307,0.593217023300014,1.34623055273181,-2.07925428020628,-0.458467590871497,0.323075501494712,-1.70989462168395,0.984801362768813,0.645200916293897
"Singapore",1.15081007269207,1.67330143006371,-0.150656979010707,2.73670472609014,0.709419813166114,1.98813999394042,0.669974589775527,-0.367173636786895,1.00314796766253,0.985911141745121,-0.508352653117451,-2.00360134237245,-0.680416776238936,-2.43147239939543,-0.818792066662172,-0.186414517482693,1.13675887945677,0.376201746254726,0.396509334145014,-1.13675887945677,0.753536111752307,-1.5553684153474,-1.87972335691108,-1.3628419377465,-0.141825242326318,0.323075501494712,-1.57414454637401,1.81870696166581,0.928046482316424
"Panama",1.14119354688891,0.48946258513421,0.647643823887185,0.518275455923462,0.706147192804012,-0.143302998227465,0.187497647567582,-0.896132332961181,-0.0282740103804692,1.7387057726329,-0.731797492093496,0.0660118123758406,0.306270765356875,0.356048143350943,-1.76188660343704,-0.763054299985937,-0.122812419850878,0.458467590871496,0.656848717406931,0.326083867695166,-0.437630531047301,0.593217023300014,-0.607587392872527,-0.160889476162922,1.49337770394981,-0.251114734622305,-0.557647394737459,0.236108483395461,0.645200916293897
"Germany",1.1123141269686,1.17097681062143,1.32112742255034,1.15619178604887,1.29614302578776,0.852079402943912,0.469161282004437,-0.803988727512226,1.21186539705991,0.159151955988589,1.17020919535148,-1.29451172542578,0.8045963803603,-1.25211952026522,1.04160185037149,0.21911427500736,1.13675887945677,-0.830926702888386,0.218463917270781,0.247512940158709,0.753536111752307,1.01235167335525,0.209492092856853,-0.704368997936395,0.141825242326317,0.712670905474592,-1.49177676455092,0.641329238310355,0.23780792053137
"Chile",1.047976057498,0.601611070640381,0.276125960488668,0.91021347224168,-0.0342996724053954,0.212740184899007,0.819130930061489,-0.201031879720347,0.276772384337838,0.515160153042563,0.246405511673783,-0.458467590871497,0.577043937955507,-0.437630531047301,1.61828206873499,0.264388592553161,0.316161802149676,-0.336038140371823,0.00942355403831797,1.05105553864798,-0.0471345198529629,1.42810865151602,-1.01413879043665,-0.47950565333095,-0.10384389310277,0.495771095309021,-0.444295672731497,1.31493036969841,-0.336038140371823
"Qatar",1.00038232285189,2.11131798540818,0.0774120749540333,0.522439143501103,1.5158098059441,2.07794882775857,0.767665850531386,2.42094813692735,1.61985625863827,1.33043758937381,-1.05376376860835,-0.52223925228217,-1.00314796766253,-0.257241329086499,0.298636366581472,-1.10498879769342,1.13675887945677,2.43147239939543,-1.87968973092101,1.77931599593264,0.753536111752307,-0.255436412643878,-1.68293565090357,-0.23780792053137,-2.43147239939543,1.66082955953865,-0.297981707956894,1.7821176048972,-1.46523379268552
"France",0.971281170703291,1.04142269699895,1.02889650090729,1.6353902855168,0.768832884016292,0.780146833988579,-0.920798885839764,-0.996716704319329,1.10150554678709,-0.238662897536639,1.03122407492967,-1.17348466282553,1.17348466282553,-0.199201324789267,1.3836026741467,0.888679415993889,1.13675887945677,-0.633640000779701,-0.47950565333095,0.10384389310277,0.753536111752307,0.170642380389107,0.426266753100571,-1.15492705105584,0.0471345198529629,-0.159591765939658,-1.34796670453107,0.839635386434953,-0.336038140371823
"Argentina",0.970472142295426,0.463718323065739,0.947259191804562,0.46474946164944,0.0241994764618659,-0.234208076293675,-1.01889138480342,-0.867582262374914,0.458467590871496,0.99073433329058,0.795965975603985,-0.122812419850878,0.247512940158709,0.141825242326317,1.43079047126354,0.345367623007166,0.356048143350943,-0.199201324789267,0.565948821932863,1.11895838106256,0.0471345198529629,1.84054851384303,0.517322045882649,0.122812419850878,-0.704368997936395,-0.33533479187566,-0.145230962268189,1.42125143269346,-0.500758133851913
"Czech Republic",0.914562020394316,0.786548584246537,0.692204305068741,0.816766120932217,0.122095439988151,-1.22853808289323,-1.10670744097354,-0.168058543903076,0.942640803295792,0.339394657639554,-0.0821371506212249,-1.49337770394981,1.77931599593264,-1.03482235752387,-0.69173913016449,0.398973084292426,1.13675887945677,-1.06757052387814,-1.03482235752387,0.753536111752307,0.753536111752307,-0.255436412643878,0.528192807934573,-0.122812419850878,0.336038140371823,1.66082955953865,-1.13465795163629,0.533337866694793,0.645200916293897
"Uruguay",0.898323875086122,0.48465751433918,0.706309012684104,0.606664210133355,1.20248352488148,1.00451419757074,0.0934233992813423,-1.11224551931773,0.296409602086355,1.35977395686343,-0.830772813435335,-0.160889476162922,0.0943740485029919,-0.10384389310277,1.14571413950114,1.07911885267965,0.565948821932863,-0.704368997936395,0.47950565333095,1.05105553864798,-0.0849126598079153,1.84054851384303,1.9659298576079,0.610767694252199,-0.656848717406931,0.495771095309021,0.218739819894473,1.59229257956523,-0.336038140371823
"Colombia",0.891824524474125,0.117796801940625,0.895206430183849,-0.0216880365967714,0.648436160406886,-0.710470898921247,-0.317741625534592,-0.42737129137632,0.10384389310277,0.132006627538239,0.858986113757329,0.23780792053137,-0.00942355403831797,-0.316161802149676,-2.27851707628935,-0.82704655965427,-0.306270765356875,-0.276772384337838,-0.10384389310277,0.247512940158709,-0.296409602086355,0.170642380389107,-0.153762516545985,0.28657717914942,1.17348466282553,0.178064446895181,0.374197912670775,0.694554291325854,2.16909874493611
"Thailand",0.873939211931662,0.241476869004051,1.06126421719848,0.205884808218902,0.820362212187755,-1.09496449016016,2.12215199626735,0.1438186957875,-0.356048143350943,1.15584740210336,1.06838357460193,-0.23780792053137,0.416981787294106,-1.10150554678709,-0.816016529223383,0.280367577825632,0.170443131739819,-0.753536111752307,0.8045963803603,-0.656848717406931,-0.122812419850878,-0.255436412643878,-0.0124093649224947,-0.122812419850878,0.122812419850878,1.66082955953865,1.51177521460283,-0.501661337683331,-0.500758133851913
"Saudi Arabia",0.838115090526244,1.34557017810951,0.0995005566729557,0.116164965302947,-0.867703531710755,1.38590676629441,-0.773791425179736,2.40202762298654,0.47950565333095,1.80328837208461,0.602582847081173,-0.180012369792705,-1.77931599593264,0.376201746254726,-0.09010012256235,-1.82780488184244,0.10384389310277,0.778812411231225,-0.942640803295792,1.87968973092101,0.753536111752307,-0.255436412643878,1.86993513126725,-0.180012369792705,-1.69420905962633,1.01584144813061,1.17020399459728,1.01028940536843,-0.844309926467412
"Spain",0.771159721662129,0.918378873985677,1.44395868239274,1.73786975095327,0.0928356508542236,-0.509029793177024,-0.33353249343958,-1.38193095056786,0.857846111946041,-0.0805352515583873,0.835812964504123,-1.38709258154609,0.8045963803603,-1.55351247251084,1.31827783379633,-0.732061386987962,1.13675887945677,-1.29451172542578,0.753536111752307,0.47950565333095,0.753536111752307,0.170642380389107,0.428384125045185,-0.218463917270781,0.458467590871496,0.495771095309021,-1.59084106097773,0.842417370564387,-0.113323059587658
"Malta",0.749058116457303,0.859806089552668,1.34308713435767,1.11996353180854,1.20273398397241,0.274558040295862,1.84628827210326,-0.634754802564149,0.753536111752307,0.510370259880202,-2.32835949800191,-0.680416776238936,0.122812419850878,-1.3628419377465,0.505614816857142,-1.14082913995587,1.13675887945677,-0.543964117424632,0.23780792053137,1.25211952026522,0.753536111752307,0.593217023300014,-0.534795792301448,0.247512940158709,-1.43820484883178,-0.33533479187566,-1.28578270409157,1.59691532339962,-0.844309926467412
"Kuwait",0.743323561140461,1.7572933448297,0.475176413437147,0.138787050180169,0.807305579276262,1.05998806403399,-0.520726614677539,1.62583003494394,0.972449316550956,3.27031298197447,-0.737533050125668,-0.316161802149676,-2.16909874493611,-0.180012369792705,0.374903778838757,-2.11338307941675,0.316161802149676,1.87968973092101,-2.00360134237245,2.43147239939543,0.753536111752307,-0.255436412643878,-1.5677526107991,-0.533070234972238,-1.77931599593264,0.0522995556137046,0.250296575976353,1.73850438162472,-1.46523379268552
"Suriname",0.722007460402565,0.31439649554217,-0.320192043630663,-0.369257196135479,1.14385532242157,0.278524191887961,-0.447982290425315,-0.388544967421879,-0.276772384337838,0.719007615114271,-2.1346444277118,0.160889476162922,-0.0471345198529629,0.199201324789267,0.637626086573029,1.84397855350545,-0.10384389310277,-0.23780792053137,0.728732328202691,0.817690678247038,-0.610767694252199,-1.5553684153474,-1.8948561362686,1.69420905962633,2.43147239939543,0.178064446895181,0.353799958673931,0.210760901484269,-0.844309926467412
"Trinidad and Tobago",0.638956303577052,0.871229443775537,0.56641171581514,-0.343161327493897,0.83780919590378,-1.74092772767498,0.719494489049233,-0.785123962257189,0.437630531047301,1.29070017452991,-1.47712232747342,0.416981787294106,-0.00942355403831797,-0.47950565333095,0.260359419257023,0.447319805207176,-0.0754588663820661,-0.680416776238936,0.680416776238936,-0.336038140371823,0.753536111752307,-1.5553684153474,-1.47684642466195,-1.25211952026522,0.885402008322565,-0.33533479187566,-0.215018398429058,-2.24842684245515,0.645200916293897
"El Salvador",0.607606742284622,-0.275575523305911,-0.131907347151055,-0.0817192295652095,-0.289677396601,0.113365041271312,-1.10600868636147,0.662813145824593,-0.52223925228217,0.9510373808323,-0.421089891745145,0.028274010380469,-0.633640000779701,0.028274010380469,-0.744222640189364,0.0265492731979565,-0.170443131739819,-0.47950565333095,0.257241329086499,0.543964117424632,-0.356048143350943,1.01235167335525,1.68533707155964,0.913647201385053,-0.47950565333095,0.323075501494712,0.384359938927889,0.242298998496186,1.21186539705991
"Guatemala",0.601825642367537,-0.323970582392275,-0.0620297112116263,-0.223778779694186,0.986172134729584,-0.120849035041107,0.416911672692833,0.569869181391146,-0.500758133851913,0.0121249556374152,0.190418069508857,0.437630531047301,-0.577043937955507,0.610767694252199,-0.640529610636809,-0.489256720647777,-0.257241329086499,0.610767694252199,-0.0282740103804692,0.028274010380469,-0.47950565333095,0.170642380389107,-0.378123968531834,0.680416776238936,0.180012369792705,-1.03536349271067,0.474733154427717,-0.448046714151049,1.21186539705991
"Slovak Republic",0.495770873150709,0.760602874312327,1.09633274873083,0.47486269902751,-0.826449669643758,-1.03896249693304,-0.457233520895347,-0.231182733561543,0.830926702888386,0.315794335852104,-0.520008698207501,-0.633640000779701,1.52275685090847,-1.43820484883178,-0.747782959336896,0.232480756891839,1.13675887945677,-0.913647201385053,-1.61985625863827,-0.0471345198529629,0.753536111752307,0.170642380389107,-0.167373411524975,-0.844309926467412,0.610767694252199,0.323075501494712,-0.890710356760552,-0.356930296017262,0.645200916293897
"Japan",0.489120618638628,1.0232433632857,1.00661073174043,2.16866029760522,0.357559140797512,0.612993552949541,-1.10449527237439,-0.880159283786237,1.38709258154609,0.433760061840724,1.42871434596107,-1.61985625863827,0.180012369792705,-1.29451172542578,-1.0369367365364,1.1250079694972,1.13675887945677,-1.25211952026522,-0.610767694252199,-1.87968973092101,0.753536111752307,-0.255436412643878,-1.39976649777964,-0.0754588663820661,1.69420905962633,0.495771095309021,-1.4111989282054,1.50509211923729,-0.113323059587658
"Ecuador",0.479140369959789,-0.0218052669477389,-0.226437951490177,0.484681782208194,0.281164182592407,0.615035208637337,-1.00872498088507,-0.938115833641378,-0.10384389310277,-0.894696685519485,0.186204695614874,0.257241329086499,-0.113323059587658,0.316161802149676,-0.429884863620239,-0.269321835197609,-0.599450993867666,0.276772384337838,-0.0471345198529629,-0.218463917270781,-0.23780792053137,2.24973011940151,-0.922655345438841,0.633640000779701,1.06757052387814,-0.680064623157958,0.553476406847475,0.104789394883412,-1.46523379268552
"Bahrain",0.466656825467014,1.16022286910635,0.748882203398726,0.249741265771801,0.060488381055695,1.30123618993689,-0.413199455941044,1.30453307737638,1.77931599593264,2.03651946658891,-1.47096943057668,-0.47950565333095,-0.753536111752307,-0.0565706461743113,0.418597937439468,-0.502583017152338,1.13675887945677,1.61985625863827,-0.857846111946041,1.33936730456084,0.753536111752307,-0.255436412643878,-1.45009295789411,-1.15492705105584,-1.55351247251084,1.66082955953865,-1.04678089250686,1.27885714054233,-1.46523379268552
"Italy",0.456663384392441,0.972644930407404,0.64359577493124,1.72546527313242,-1.13970256823451,-1.16435459189934,0.059935849231664,-0.280197759873859,0.336038140371823,0.864767783725556,0.983993502974942,-1.43820484883178,-0.113323059587658,-1.21186539705991,0.627714615462262,-0.834599133408477,1.13675887945677,-1.21186539705991,0.543964117424632,-0.199201324789267,0.753536111752307,1.01235167335525,0.0220723008496824,0.218463917270781,0.0849126598079153,-0.619106267188313,-1.27039586157525,0.345900251787802,-0.844309926467412
"Bolivia",0.408278468366311,-0.487155643802775,-0.298338192791695,-0.62527821709088,0.960354500214446,-0.196957007323129,-0.129975516566637,0.233945869399014,-0.257241329086499,-0.536282693281455,-0.0748233633679455,0.942640803295792,-0.160889476162922,0.500758133851913,-0.25476779456211,-0.424157820027386,-0.437630531047301,0.296409602086355,-0.141825242326318,-0.160889476162922,-0.458467590871497,1.84054851384303,-0.405521151398123,1.13675887945677,1.10150554678709,1.66082955953865,0.799792924862084,0.324944581648214,-2.16909874493611
"Moldova",0.4074430291249,-0.707239191620452,-0.167959306953872,-0.329547908026381,-0.763086928884414,-1.54874675682121,-0.0946945435519468,-0.228949929054948,-0.0849126598079153,-0.0849682653780688,-0.715495065376901,-0.0471345198529629,2.43147239939543,-2.16909874493611,0.278274212394575,0.844462378171334,-0.500758133851913,-1.17348466282553,-0.122812419850878,-0.316161802149676,0.753536111752307,-0.255436412643878,1.55298361646115,-0.376201746254725,-0.543964117424632,-0.33533479187566,-0.557647394737459,-0.740739936973575,0.928046482316424
"Paraguay",0.398250461766035,-0.287518252850175,1.36602528198102,-0.153097675824999,0.681963270510522,-0.263418452883524,0.875394780358178,-0.715850349978866,-0.160889476162922,-0.159932455679213,-0.387734354377667,0.47950565333095,0.622163161537351,0.296409602086355,0.765981781795778,-0.57706727875362,0.218463917270781,0.122812419850878,-0.356048143350943,-0.113323059587658,-0.199201324789267,1.42810865151602,0.553898173974065,0.857846111946041,0.543964117424632,-0.737934961129755,0.808989992824031,-0.0818379401009294,-1.46523379268552
"Kazakhstan",0.379013390507347,0.641208235596458,0.26675573669994,-0.226149900927295,0.509562673198277,-0.237796328026018,-0.97664144822672,-0.29465004208001,0.565948821932863,1.26906531954258,0.24594401246168,-0.0849126598079153,0.386335624226698,0.396509334145014,-0.560219875284969,1.80880624603472,-0.23780792053137,0.257241329086499,-0.458467590871497,0.00942355403831797,0.753536111752307,-0.255436412643878,1.84839919202831,-1.46523379268552,-1.33936730456084,1.66082955953865,0.790576185040359,-0.372737055042005,-0.336038140371823
"Slovenia",0.373154253105385,0.802010666787089,1.12419176958255,1.01587903540872,1.24375367617987,-0.961844445280402,0.256252961357722,-0.243882846954331,0.680416776238936,0.0610473524166541,-1.17847642796438,-1.55351247251084,0.899434907667234,-0.8045963803603,-0.446055278460513,0.981543110230764,0.47950565333095,-0.885402008322565,-1.33936730456084,-0.113323059587658,0.753536111752307,-0.255436412643878,-0.595994227126741,-2.43147239939543,1.43820484883178,0.178064446895181,-1.13465795163629,-0.534019091973331,-0.500758133851913
"Lithuania",0.360592058379313,0.70476430239989,1.0088535694895,0.169963376579112,-1.398138631749,-1.79172988246606,-2.23808171512348,-0.341315699314088,0.610767694252199,0.793111928690863,-0.938575199825896,-0.8045963803603,2.00360134237245,-0.728732328202692,0.640179778264554,2.2696771659161,0.0471345198529629,-2.00360134237245,-0.588210549209055,0.857846111946041,0.753536111752307,-0.255436412643878,0.21067214554277,-1.3628419377465,0.376201746254726,0.178064446895181,-0.274104055804358,0.232228595526538,0.23780792053137
"Nicaragua",0.356402564972788,-0.710350092563566,0.356995896058061,0.229276326033252,0.805408473823914,0.696396136450298,0.440504543369528,0.201704038651812,-0.778812411231225,0.14212946692655,-0.44573108398047,0.141825242326317,-0.36610635680057,0.122812419850878,-1.22616232738187,-0.394205717017003,-0.554922942702654,-0.0471345198529629,-0.316161802149676,0.437630531047301,-0.680416776238936,-1.11837271438566,-0.0681948776848352,1.29451172542578,-0.0849126598079153,1.66082955953865,-0.0539984125967496,-0.122259768640157,-1.46523379268552
"Peru",0.353050214650993,0.0706657190483012,-0.311389409553672,0.164491188358488,-0.213561524022815,-0.5701663447724,-0.643216123478891,0.225907245003595,-0.316161802149676,-0.0333828475325009,0.599078519792833,0.316161802149676,-0.266994125404953,0.218463917270781,-1.0482326014941,-1.85462496992335,-0.633640000779701,0.0849126598079153,-0.376201746254725,-0.257241329086499,-0.396509334145014,1.84054851384303,-1.11137251402992,0.028274010380469,1.29451172542578,-0.0591858291998884,-0.238549495745071,0.796710097513382,0.928046482316424
"Belarus",0.343827782989552,0.408270131364204,0.849361477939375,0.193780773562766,-0.446319718142589,0.681649709085336,-1.06506533221206,-0.23408877961644,0.23780792053137,0.352792880734284,-0.154208667593017,-0.942640803295792,2.16909874493611,-0.66858632462351,0.781315166026022,1.64651293721702,0.565948821932863,-1.10150554678709,0.0660118123758406,0.577043937955507,0.753536111752307,-0.255436412643878,-0.0585616823820811,-1.08438193805418,0.753536111752307,1.66082955953865,-0.322001236316759,0.705398130951628,-0.844309926467412
"Poland",0.32536761735505,0.648954444381265,1.16567069092718,0.419010178274589,0.621919358401622,-0.875930628598763,-0.469926562596316,0.0206114805055941,0.376201746254726,0.880431817157311,0.719768701216088,-0.778812411231225,1.10150554678709,-1.87968973092101,-0.944287520999032,0.812882589391711,0.276772384337838,-1.13675887945677,-0.728732328202692,0.376201746254726,0.753536111752307,-0.255436412643878,0.160651583463349,0.141825242326317,0.00942355403831797,0.495771095309021,-0.727313342734854,-0.0419863789784168,0.645200916293897
"Malaysia",0.307727440630044,0.647178685527622,0.0432119977178041,0.134021075099086,0.614384418619969,-0.0115955313635391,0.80045627472961,-0.646035524974658,0.588210549209055,0.913516134898842,0.586209335757734,-0.543964117424632,-0.942640803295792,-0.0565706461743113,-1.32235227109566,-0.154169269552196,0.257241329086499,0.356048143350943,-0.160889476162922,-0.458467590871497,0.10384389310277,-1.5553684153474,-0.898203379560268,-0.122812419850878,1.61985625863827,0.0522995556137046,0.706724550174915,0.613417288970954,0.645200916293897
"Croatia",0.298479868933037,0.538322838808022,-0.845708157502866,0.46937651605927,-1.15895099911426,-1.28917330150641,-1.79075576370186,-0.142333839658898,0.500758133851913,-0.205928150618794,-0.687801523261406,-0.885402008322565,1.21186539705991,-1.17348466282553,-0.641763987633369,0.752155949740663,0.511469190920836,-1.61985625863827,-1.29451172542578,0.52223925228217,0.753536111752307,-0.685085424496852,-0.737209238089468,-0.437630531047301,0.316161802149676,0.0522995556137046,-0.754076469027311,-0.113834829313309,-0.113323059587658
"Russian Federation",0.262280656145149,0.680073619752996,0.869841490459735,-0.117311398654931,-0.526182745219301,-1.13861951418232,-2.70086739693617,-0.545402318900026,0.52223925228217,1.3527497598678,1.49529067263709,-0.376201746254725,1.87968973092101,-0.52223925228217,0.940989159675798,2.2122032790917,0.0754588663820661,-1.03482235752387,0.458467590871496,0.406724251871364,0.753536111752307,0.593217023300014,-1.35856107506859,-0.899434907667234,1.00314796766253,1.01584144813061,0.218739819894473,0.580807978155463,0.645200916293897
"Jamaica",0.256380248254433,-0.158744222666561,0.401151330940739,-0.0368875345912045,0.418923884730821,-1.3266579008584,-0.0711859918516291,-0.513454952172577,-0.296409602086355,0.0130625151016381,-0.952801829509316,0.00942355403831797,-0.306270765356875,-0.0849126598079153,-0.165731806458662,-1.94993522082486,-0.170443131739819,-0.728732328202692,0.610767694252199,0.577043937955507,-0.336038140371823,-1.5553684153474,-0.119262240646562,-0.266994125404953,0.028274010380469,-0.159591765939658,-0.648099640751666,-0.303252114834669,1.21186539705991
"Cyprus",0.239510287598142,0.861688414908636,-0.57186865624041,1.42294894627756,-0.268401169898908,-0.546361461512822,0.638314220230018,-0.403652916013751,0.633640000779701,-0.444166622212842,-1.59068762399556,-0.830926702888386,0.533070234972238,-1.61985625863827,0.371755702851103,-1.16440396224806,1.13675887945677,-0.356048143350943,0.0849126598079153,0.122812419850878,0.753536111752307,0.170642380389107,-1.33830771597008,0.160889476162922,-0.316161802149676,-0.251114734622305,-1.13465795163629,0.251310149199545,0.645200916293897
"Algeria",0.168466347324852,0.1707411612371,0.073788661083481,-0.331934882124921,-1.00951293318871,0.566214364720637,-1.46044294346911,0.601319416600584,-0.376201746254725,-0.131771619774383,0.744624498332633,0.396509334145014,-1.41218757890616,0.458467590871496,0.460966963154319,-1.5327369654326,-0.728732328202692,0.565948821932863,-0.913647201385053,0.913647201385053,-0.180012369792705,0.170642380389107,-1.18111129946799,0.0660118123758406,-1.49337770394981,0.323075501494712,0.836464094804092,0.427787580929328,-0.844309926467412
"Mauritius",0.0596077885441085,0.345874156621028,-0.274901299746357,0.0649296387125811,0.852275585740607,-0.354268007971914,1.09167058402272,-0.705629028503939,-0.0660118123758407,0.822460186803521,-1.53216481206091,-0.199201324789267,-0.511469190920836,-1.3628419377465,-1.10662790456586,-0.182592886784957,0.645200916293897,-0.857846111946041,-0.257241329086499,-0.599450993867666,-0.257241329086499,0.593217023300014,-0.078366083747049,-0.704368997936395,-0.296409602086355,1.66082955953865,-0.286025265725061,-0.974162012456885,0.23780792053137
"Indonesia",-0.0070919513767597,-0.113099011600389,0.112671120328624,-0.24993679184,0.1396646162133,-2.7764502755585,1.83570461040666,-0.660461978192081,-0.610767694252199,0.594988145742311,1.82159871513482,0.356048143350943,-1.41218757890616,0.180012369792705,-2.08727912461583,-1.61036990788718,-0.52223925228217,0.0471345198529629,0.180012369792705,-1.06757052387814,-0.316161802149676,-0.255436412643878,-0.557661585511577,0.565948821932863,1.03482235752387,-1.12002408569267,0.013118851805063,-0.350442019717027,-0.113323059587658
"Vietnam",-0.0405472198875445,-0.611856148169724,-0.513627474943147,0.247696558430168,1.12623196479098,-0.0177454632994585,-0.460354752615518,0.249054569159807,0.00942355403831797,0.547615607884562,1.2489313636181,0.218463917270781,0.468960676235104,-0.218463917270781,-1.98530237469525,-0.192386001529625,0.122812419850878,-0.122812419850878,0.437630531047301,-2.43147239939543,0.753536111752307,0.170642380389107,-0.269361942720504,-0.306270765356875,0.972449316550956,0.712670905474592,0.863764466556722,-1.23625817564014,0.645200916293897
"Turkey",-0.0646102241156761,0.48291027295811,-0.405524960772435,0.172136205142405,-1.32225250259336,0.447067070588876,-0.929467873987536,0.637646478440268,0.0471345198529629,-0.426416244452146,1.14514982884612,-0.0282740103804692,-0.753536111752307,-0.00942355403831797,0.60762619902527,-1.71177275559206,1.13675887945677,0.416981787294106,-1.10150554678709,1.69420905962633,0.753536111752307,1.01235167335525,0.311328409155324,0.416981787294106,-0.376201746254725,0.712670905474592,-0.808157445078421,0.552251397409905,-0.844309926467412
"Kyrgyz Republic",-0.104222572573713,-1.01035854378013,0.401784015744891,-0.196022097462327,-0.0793905018749934,-0.872035384339624,0.596657491263394,-0.519676223324139,-0.437630531047301,0.607427753561845,-0.469806439920645,0.122812419850878,-0.577043937955507,0.633640000779701,-0.664429898363765,0.505301561878503,-0.437630531047301,0.316161802149676,-0.416981787294107,-0.416981787294107,-0.00942355403831797,0.170642380389107,0.551839338047451,-0.645200916293897,-1.06757052387814,1.66082955953865,0.494556442067419,-1.14566571406092,0.928046482316424
"Nigeria",-0.119750425541523,-0.55561138401413,-0.538057140928922,-1.69705665373546,-0.671499081297647,-0.911968248509309,0.398270103443048,0.702307540893861,-0.199201324789267,-0.824635704875649,1.62507792993885,1.77931599593264,1.01885738688099,1.77931599593264,-0.344781101642158,-0.47373897296505,-1.23174297027651,1.00314796766253,1.25211952026522,-0.716497500177991,-0.913647201385053,-0.255436412643878,1.70759845099298,0.704368997936395,-0.778812411231225,-1.84453080182984,0.543713004575474,-0.617520454820509,0.23780792053137
"Azerbaijan",-0.168158722627728,0.387655224411095,-0.432670464153941,-0.239541417523167,-0.504047736590851,0.471000703979643,-1.46346269083048,0.358165045613852,0.778812411231225,0.00652817718973595,-0.145266798334672,0.458467590871496,-0.857846111946041,0.00942355403831797,-1.0631300883186,-1.34967451662945,-0.554922942702654,-0.00942355403831797,-0.656848717406931,-0.257241329086499,0.753536111752307,0.170642380389107,0.682522503703107,-0.766113077130777,-0.416981787294107,1.01584144813061,-0.648099640751666,-0.310838419303612,-0.844309926467412
"Pakistan",-0.183750731763905,-0.704836343325253,-1.68360840776275,-0.710214334935062,-1.83797964971236,-0.015384931618883,0.838993249283088,1.56368560538393,-0.899434907667234,-1.27168996278389,1.6498314415879,1.29451172542578,-2.16909874493611,0.778812411231225,-0.173207540912644,-1.46594275634875,-0.306270765356875,0.588210549209055,-0.753536111752307,-0.791638607743375,-0.416981787294107,1.01235167335525,0.16502514988274,0.189598120462421,-1.21186539705991,-1.59062327390201,-0.122231395659231,-1.01384448033678,-0.844309926467412
"Jordan",-0.185484150250409,0.0752446326138325,-0.02179884616575,0.00396089447136563,-0.269129421453032,0.333164098772227,-1.06426127282365,0.736439201296594,0.028274010380469,1.87989095950444,-0.176946851046087,0.0471345198529629,-1.2730296553877,0.753536111752307,0.467363118769714,-1.64097480265669,0.0754588663820661,2.16909874493611,-2.16909874493611,2.00360134237245,0.0849126598079153,0.170642380389107,-1.41820911670869,0.490104222390551,-1.38709258154609,0.178064446895181,0.827325485561045,1.03631828768912,-2.16909874493611
"Montenegro",-0.185484150250409,0.2606498604533,-0.534229650326794,0.14019931242426,-1.55171713606861,0.333408090835456,-0.529224149576755,-0.0379489138500536,0.396509334145014,1.41269568833702,-2.03995227051718,-0.656848717406931,1.10150554678709,-0.704368997936395,-0.903920726414904,0.262063940582915,0.565948821932863,-1.00314796766253,-1.49337770394981,0.406724251871364,0.122812419850878,-0.255436412643878,-1.18985651353517,-0.8045963803603,1.38709258154609,-1.5035553126917,-0.609081222045726,0.117845320142645,2.16909874493611
"China",-0.230621747430398,0.0449107648381844,-0.404124259054836,0.636853363030428,0.513193729248868,-1.1948152484471,-1.41319296124032,1.38816030042682,-0.0471345198529629,-0.536389774869972,2.71244568726374,-0.218463917270781,0.247512940158709,-0.778812411231225,-0.56893786260338,-0.110431970382457,-0.0471345198529629,-0.500758133851913,-0.565948821932863,-1.17348466282553,0.753536111752307,-0.255436412643878,0.60971051584008,-1.25211952026522,-0.199201324789267,1.66082955953865,0.424764784228408,-0.265913949005531,-0.336038140371823
"Zambia",-0.240187136384213,-1.02016109591449,-0.501649237119667,-1.35330879464864,0.299644079196977,0.177037958721282,-0.211756621069331,0.166218972319895,-0.704368997936395,-1.04939455143496,0.184489209081704,1.03482235752387,-0.511469190920836,1.49337770394981,-0.0307743658245486,1.15044461412134,-1.29451172542578,1.38709258154609,1.77931599593264,-0.913647201385053,-1.29451172542578,-1.11837271438566,-0.530476709147186,0.778812411231225,1.55351247251084,-0.251114734622305,0.926803248965653,-0.919619331706151,0.645200916293897
"Romania",-0.24453702005571,0.437877992914156,-0.593739463499943,0.363791188616293,-0.626492244256522,-2.00091368915921,-0.769405632070694,-0.301602022891436,0.0849126598079153,-0.110391266122569,0.316900052423745,-0.356048143350943,1.69420905962633,-1.06757052387814,-1.4318400044586,0.140017359185726,1.13675887945677,-1.49337770394981,-0.543964117424632,0.296409602086355,0.753536111752307,0.170642380389107,0.802956322086728,-0.645200916293897,-0.00942355403831797,-0.554675368161788,-0.794566951057142,-0.313366590841181,1.21186539705991
"Portugal",-0.263691253784013,0.737419203193926,0.345192583608617,1.02926178184585,0.49596431933721,-1.76944373548529,-0.772433258240413,-1.37806125919578,0.416981787294106,-0.018019665331262,-0.0935137466942942,-1.69420905962633,1.52275685090847,-2.00360134237245,1.15072426800082,0.0793204358880685,1.13675887945677,-1.43820484883178,1.29451172542578,-0.00942355403831797,0.753536111752307,-0.255436412643878,-0.147583697149422,-0.588210549209055,0.356048143350943,1.01584144813061,-0.96087060218296,0.0921995483102817,-0.844309926467412
"Latvia",-0.267176430200543,0.616969607288366,0.148824932972231,0.136111035292075,-0.947381400869935,-0.51870570601454,-0.333623468497242,-0.238896116336668,0.885402008322565,0.460425615053233,-1.20676603752365,-0.565948821932863,0.8045963803603,-0.942640803295792,0.425343402756353,1.32503953708379,0.396509334145014,-2.16909874493611,-0.218463917270781,0.458467590871496,0.753536111752307,0.593217023300014,-0.609995128339039,-0.766113077130777,1.21186539705991,0.495771095309021,-0.661191858727174,0.272625484749646,1.21186539705991
"Philippines",-0.288976905292079,-0.42622425939367,-0.0940728313148212,-0.47291498053783,1.38693425273287,0.159913598465881,0.230499231481585,-0.0293380090750626,-0.336038140371823,0.13219305546674,1.29712881738951,0.336038140371823,-0.199201324789267,0.52223925228217,-1.89366237320716,-0.627146494489087,-0.276772384337838,0.396509334145014,0.028274010380469,-1.10150554678709,-0.565948821932863,1.42810865151602,-0.0854228833602606,0.356048143350943,-0.0471345198529629,-0.793039216955778,-0.557647394737459,-0.768181743601727,-1.46523379268552
"Morocco",-0.341426496120018,-0.351297345976999,-1.2239772772392,-0.364005851883032,-0.200500659254484,-0.226821259111267,-1.54701777791422,-0.06134397608245,0.141825242326317,0.442946074833826,0.662254073726976,0.376201746254726,-1.2730296553877,0.336038140371823,1.17780483729838,-0.88974133519987,-0.680416776238936,0.23780792053137,-0.680416776238936,0.728732328202691,-0.141825242326318,-0.255436412643878,1.22807414494175,-0.00942355403831797,-0.500758133851913,1.66082955953865,0.343563762526402,-0.0576975958349711,-0.844309926467412
"Macedonia, FYR",-0.346681506720243,0.117540862950624,-0.2147315025866,0.190640364716238,-0.724706520607689,-0.675630828378268,0.0222745407713548,0.802721439209347,0.543964117424632,-0.3476091315906,-1.17695372501049,-0.336038140371823,-0.180012369792705,-1.00314796766253,-1.14190979702928,-0.172751309994099,0.437630531047301,-0.972449316550956,-1.69420905962633,0.276772384337838,0.753536111752307,1.42810865151602,0.311111742611553,-2.07925428020628,0.565948821932863,-0.33533479187566,-0.90464115151886,-0.198399467113324,0.23780792053137
"Albania",-0.388788030613542,0.0156359715265824,-0.824097817368988,0.61661946210534,-0.585340810437645,-0.506840533788197,-0.715199312799754,-0.432490634527463,0.257241329086499,-0.131888605810857,-0.940589639214441,-0.10384389310277,-0.00942355403831797,-0.633640000779701,-1.21438958948929,-0.808630472355294,-0.0754588663820661,-0.942640803295792,-2.43147239939543,0.0754588663820661,0.753536111752307,-0.255436412643878,-0.0321389206106164,0.0471345198529629,-0.0282740103804692,0.712670905474592,-0.203303760333418,-0.184644984029189,0.23780792053137
"Bosnia and Herzegovina",-0.397575172346437,-0.10299167215507,-0.492167940071851,0.485023124832841,-1.96171618640325,-2.34657294619769,0.216431606775696,1.05213146827712,0.316161802149676,-0.594631251634468,-0.810334464443368,-0.500758133851913,0.180012369792705,-1.69420905962633,-0.472886505166803,-0.406925043001183,0.645200916293897,-1.77931599593264,-1.77931599593264,-0.356048143350943,0.753536111752307,-0.255436412643878,-0.0425131641911793,0.247512940158709,0.778812411231225,-0.737934961129755,0.133401383669374,-0.969983372451512,0.645200916293897
"Lesotho",-0.442470543474368,-1.25803546121358,-0.0717341334084263,-1.88473344324139,-0.825506198663077,0.180277809372725,-0.505334359757967,0.0463400683810172,-1.00314796766253,-0.286078322017464,-1.14562194731533,1.00314796766253,-0.0754588663820661,0.680416776238936,1.02642124472244,2.74336131001653,-0.778812411231225,0.160889476162922,2.16909874493611,-0.376201746254725,-1.38709258154609,-1.11837271438566,1.5636461096644,0.00942355403831797,-1.29451172542578,-0.251114734622305,1.05019999054529,-1.5014550021481,-0.113323059587658
"Dominican Republic",-0.453936250876322,0.0583371404682814,0.506194271080889,-0.121706117876421,0.981228066255216,0.328357739106224,-0.0332857833661177,-0.238897819862504,0.0660118123758406,-0.813009629134472,-0.086739310286709,0.296409602086355,0.247512940158709,0.23780792053137,0.0528412850378322,-0.741117175746467,-0.704368997936395,0.00942355403831797,0.942640803295792,0.942640803295792,-0.276772384337838,2.24973011940151,0.244227395850721,0.336038140371823,0.704368997936395,-0.251114734622305,1.19549732922999,0.814184283056282,-1.46523379268552
"Lao PDR",-0.461879267067792,-0.716900114446935,-0.995091133756658,-0.590198389166018,1.13839011136273,0.987850554443461,1.34862336757116,0.465867442752582,-0.857846111946041,-1.68479488144799,-0.385267854975338,0.753536111752307,0.180012369792705,0.416981787294106,-1.23583338278545,0.247500567778169,-1.03482235752387,0.199201324789267,-0.180012369792705,-1.58581203457578,-0.543964117424632,-1.99614482203731,-1.48799388216207,-0.306270765356875,2.00360134237245,-0.413430541827991,-0.0427358371663734,-1.02009358290909,0.23780792053137
"Mongolia",-0.463644962867473,-0.113303186744131,1.33124456001403,-0.390768887880527,-0.0691651259585199,-1.22482701059149,0.810519206228928,-0.0225805017495533,-0.680416776238936,-0.171981225409716,-0.928114285155674,0.276772384337838,0.336038140371823,0.437630531047301,-0.0228197438089398,1.37506079829073,-1.33936730456084,0.52223925228217,-1.38709258154609,-0.0849126598079153,-0.656848717406931,1.01235167335525,1.44148300713303,-0.844309926467412,-0.728732328202692,1.01584144813061,0.563217443043853,0.488927286872678,-0.113323059587658
"Swaziland",-0.469826564845841,-0.409095326326172,0.0538138159246469,-1.88572648351633,-0.890421529508822,-1.12524677085037,-0.330622640942492,-0.154179092964855,-0.416981787294107,-1.08665740965565,-1.49905756018195,0.913647201385053,-0.0754588663820661,0.656848717406931,0.210759652504028,1.28265445692137,-1.13675887945677,0.543964117424632,2.43147239939543,-0.396509334145014,-0.8045963803603,-1.11837271438566,1.35698476932567,0.656848717406931,0.296409602086355,-0.33533479187566,0.944647204374985,-1.74856179226076,-0.336038140371823
"Greece",-0.478661929770423,0.722352439843179,-0.460138280744537,1.08112681525746,-2.02633257501725,-1.63187267113623,-2.74259390464632,-0.862672975144383,0.356048143350943,0.0534762766295121,-0.0458749691305309,-1.13675887945677,0.577043937955507,-1.77931599593264,0.944059812480548,-1.52666081592878,1.13675887945677,-1.38709258154609,-0.396509334145014,0.610767694252199,0.753536111752307,-0.255436412643878,0.815351253375173,-0.588210549209055,0.0660118123758406,0.712670905474592,-0.90464115151886,0.768376088346209,-0.500758133851913
"Lebanon",-0.494578984005711,0.392147514029574,-0.835676409000961,0.781424645174882,-0.696936000446586,-0.805812155789195,-0.0192049559041859,0.467380942532599,0.704368997936395,-0.536835712274012,-0.471385437822025,-0.296409602086355,-0.817690678247038,-0.610767694252199,0.935855895152371,-2.33299404574547,0.316161802149676,2.00360134237245,-0.830926702888386,1.61985625863827,0.753536111752307,0.170642380389107,1.0130487633005,0.753536111752307,-0.437630531047301,-0.944289429046591,0.414699801331032,1.23194359609303,-0.844309926467412
"Hungary",-0.529125380332411,0.637090879545619,0.668019225598029,0.311391171440777,-0.80511324935203,-1.20075163464586,-0.869938051063229,-0.0569607044004945,0.656848717406931,0.22078000243005,-0.134149327395096,-0.704368997936395,1.43820484883178,-1.49337770394981,-0.694327698450002,1.20425090091072,1.13675887945677,-1.33936730456084,-1.25211952026522,0.817690678247038,0.753536111752307,1.42810865151602,0.749890741283882,-0.0754588663820661,-0.160889476162922,1.66082955953865,-0.989295029913146,0.451054686529333,1.58581203457578
"Honduras",-0.539771507469969,-0.705114573209226,-0.382079368702648,-0.00195178858741051,-0.302980578529806,-0.448072820524591,0.0763601886700661,0.687187091178226,-0.753536111752307,-0.440113454497907,-0.19119000737282,0.543964117424632,-0.511469190920836,0.276772384337838,-1.60600208859744,-1.17314993352087,-0.336038140371823,0.47950565333095,0.276772384337838,0.0471345198529629,-0.52223925228217,1.01235167335525,-0.672825578891668,0.885402008322565,0.680416776238936,-0.413430541827991,0.122609853443863,-0.305871499319358,1.21186539705991
"Tajikistan",-0.541546618958228,-1.22049802936183,-0.682073882751387,-0.500316895552169,0.182920192903325,0.3952645723749,0.0721008425924301,1.13840942020408,-0.830926702888386,-0.353104282741145,-0.221858182195877,0.588210549209055,-0.753536111752307,0.728732328202691,-1.2906167868848,-0.923982978543124,-1.17348466282553,0.656848717406931,-0.633640000779701,-0.500758133851913,0.0660118123758406,-0.255436412643878,-0.4336887427226,0.588210549209055,-1.10150554678709,0.712670905474592,0.239804127311337,-1.5235377927667,-1.46523379268552
"Tunisia",-0.583324342843299,0.0219247066800437,-1.30473606980956,0.203027993693817,-1.13795295029546,-0.51488554509915,-1.64899287011177,0.962210605391211,-0.141825242326318,0.527406028865217,-0.0426800626902468,0.0849126598079153,-1.03482235752387,0.0849126598079153,0.796861475964703,-1.51643259367428,0.141825242326317,-0.0282740103804692,-0.8045963803603,0.885402008322565,0.753536111752307,-0.255436412643878,1.03913564574081,-0.396509334145014,-0.857846111946041,1.01584144813061,0.772083313217397,0.247659111855764,-0.500758133851913
"Bangladesh",-0.623437795313302,-1.20284026005312,-1.65222767222546,-0.394800274169979,-0.258593073058408,0.186109992162147,-0.0718577466161546,2.10279784617834,-1.06757052387814,-0.832943815490779,1.55946039835031,0.52223925228217,-1.77931599593264,0.0471345198529629,-0.397621871775823,-0.292039600168164,-0.599450993867666,-0.0754588663820661,-1.55351247251084,-2.16909874493611,-0.778812411231225,-1.99614482203731,1.33556172912859,0.189598120462421,-0.610767694252199,0.178064446895181,-0.297981707956894,-1.20701548435276,-0.113323059587658
"Iran, Islamic Rep.",-0.630580806638121,0.348927559361344,-1.43070080700133,0.011591881239016,-0.926579084485944,-0.589589127221464,1.11209260824387,0.897295241218955,-0.23780792053137,-0.501852862792961,1.15321448583289,-0.0660118123758407,-1.10150554678709,-0.66858632462351,1.90746282429994,-0.748125204656341,0.0188479450129041,0.0660118123758406,-1.13675887945677,0.704368997936395,0.00942355403831797,-0.685085424496852,-0.704197787785951,-0.500758133851913,-0.885402008322565,1.66082955953865,1.21227906929801,0.551223685026698,-0.844309926467412
"Ukraine",-0.635046996657094,-0.187586868056789,0.671559139507044,-0.0970146157386048,-1.20006922263991,-1.14943458572425,-0.613983446495801,-0.356006174818431,-0.122812419850878,0.9171748420295,0.812884931168883,-0.396509334145014,1.2730296553877,-0.972449316550956,0.884656295324856,1.38328020074758,0.0188479450129041,-1.55351247251084,0.52223925228217,0.500758133851913,0.753536111752307,0.593217023300014,1.36758193444782,-0.957438716409626,-0.336038140371823,-1.7237755259254,-0.687507368589237,0.379824518706373,0.928046482316424
"Iraq",-0.638620951559402,0.289134777476307,-0.784737174858673,-0.39197126060843,-2.32433904329802,0.291531821664347,-0.361399215961034,1.20039438529484,-0.942640803295792,-0.48917320982861,0.684735475817586,0.500758133851913,-1.52275685090847,1.03482235752387,0.39948651141057,0.0708761261525691,-0.656848717406931,1.43820484883178,-0.972449316550956,1.38709258154609,-0.0282740103804692,-1.5553684153474,-1.00923465686006,0.8045963803603,-1.25211952026522,-1.69822030344968,0.260762752871363,0.369424729932972,-2.16909874493611
"South Africa",-0.669931237756058,0.122608595998873,0.572477889544376,-1.41166611277883,-0.739761157794111,-0.187217880062973,-0.960392058036598,0.321328957733715,-0.00942355403831797,1.47666900616302,0.940449064836768,0.565948821932863,1.10150554678709,0.257241329086499,0.0730058690854162,0.708172414330831,-0.208822935409233,0.180012369792705,2.00360134237245,1.11895838106256,-0.633640000779701,-0.255436412643878,1.81914482778246,-1.65588869757704,-0.830926702888386,-1.07843423967929,0.611591095741587,0.153507236505218,-0.113323059587658
"Ghana",-0.67799358010344,-0.830777661916306,-1.1357530755766,-1.06874532200376,-0.156666618039071,-0.84835093994835,0.0811755455462884,-0.0615250025053212,-0.588210549209055,0.52253490806743,0.520071901493072,0.885402008322565,-0.23780792053137,0.913647201385053,-0.558463743598925,-0.161601249979192,-0.47950565333095,0.704368997936395,1.00314796766253,-0.599450993867666,-0.704368997936395,0.593217023300014,1.25138830383335,0.533070234972238,0.656848717406931,-0.33533479187566,1.05019999054529,-0.336918354111198,0.645200916293897
"Zimbabwe",-0.69861815125512,-1.51784130633447,-0.103135984710083,-1.2578472343167,-1.16014746148507,-0.283442912783725,-0.26511928025045,-0.0692849639412225,-0.972449316550956,-0.749254090368103,0.171674144717226,0.857846111946041,-0.336038140371823,0.8045963803603,0.00617212909249328,2.02373749778605,-0.942640803295792,0.753536111752307,1.87968973092101,-0.437630531047301,-1.21186539705991,-1.11837271438566,-0.0781425018468756,1.77931599593264,0.437630531047301,-0.554675368161788,2.47429315848178,-1.28811971727233,-0.113323059587658
"Liberia",-0.733659064012529,-2.00552166535295,-0.863055766665976,-1.23788833825945,-1.01222267875394,-0.533502317466881,0.181898844742542,-1.77178834007767,-1.61985625863827,-0.856330756904449,-0.647096044302031,0.972449316550956,-0.266994125404953,1.17348466282553,0.0641682824458126,1.02009810951641,-1.08438193805418,0.857846111946041,0.885402008322565,-0.633640000779701,-1.87968973092101,-1.5553684153474,-0.712360739562643,0.376201746254726,0.830926702888386,-1.5035553126917,1.77031653665081,-0.531741513609324,1.21186539705991
"India",-0.739057706706528,-0.579342513632975,-1.74240251772838,-0.708070083937844,-0.326736169876032,-0.233252754929119,0.342469352294629,1.78868996056109,-0.543964117424632,-0.944532527897541,2.67950098417704,0.633640000779701,-0.36610635680057,0.160889476162922,-0.429401888438603,1.20751885739298,-0.141825242326318,0.028274010380469,0.10384389310277,-2.00360134237245,-0.588210549209055,-0.685085424496852,0.81869270291891,0.28657717914942,-0.122812419850878,-0.486306925714498,0.601960196074397,-1.27233295347218,0.23780792053137
"Haiti",-0.781419040815239,-1.52841050623075,-0.982671768109702,-1.10635328780678,-1.23744570952489,0.551562539572336,1.56484011235548,0.114051162048447,-1.13675887945677,-1.21477264799149,-0.075644112219712,1.06757052387814,-0.141825242326318,0.565948821932863,0.151708332915447,0.0950492232708739,-1.61985625863827,0.10384389310277,1.03482235752387,0.208822935409233,-1.13675887945677,-1.5553684153474,1.13700094551202,2.43147239939543,-1.00314796766253,-1.79755952725708,-0.00913213274190874,-0.128360248770186,-0.844309926467412
"Ethiopia",-0.786836109438346,-1.71567856332155,-1.30523384379597,-0.950355800321702,-0.0812414124525156,0.393387925829003,0.179018056640986,0.608849987850518,-1.21186539705991,-2.00026899878835,1.28658474514424,0.830926702888386,-0.448024744793407,0.972449316550956,0.627612755486939,0.559553168529565,-1.69420905962633,0.885402008322565,0.778812411231225,-1.77931599593264,-1.25211952026522,-0.685085424496852,-0.338817028093859,1.43820484883178,-0.52223925228217,-1.3090904416434,1.15326048545791,-1.82266541905779,-0.500758133851913
"Sierra Leone",-0.791351940020661,-1.37076920007492,-0.374723489268236,-2.04428715497326,-0.257266254366153,-0.198586727876668,-0.0495947658780121,-0.323045236141739,-2.43147239939543,-0.612525889504853,-0.330916945050938,2.00360134237245,0.386335624226698,1.10150554678709,-0.231693729745066,0.0731551321288335,-1.49337770394981,0.680416776238936,0.913647201385053,-0.753536111752307,-1.77931599593264,-0.255436412643878,0.535619475232249,1.03482235752387,0.728732328202691,-1.07843423967929,1.25395566475946,-0.962363092514365,-0.113323059587658
"Mauritania",-0.855635614826655,-1.06113169638333,-0.643243375053259,-1.19129694131593,-1.24771523716377,0.571674276116241,-0.0154051049871725,2.01801689868471,-1.03482235752387,-0.618539265232154,-0.696415553148067,1.38709258154609,-2.16909874493611,1.21186539705991,-0.805311965690518,-0.865592374338293,-1.55351247251084,1.17348466282553,0.376201746254726,-0.543964117424632,-1.10150554678709,-0.255436412643878,-0.234084072809555,0.533070234972238,-2.00360134237245,-1.3090904416434,0.881869398159457,-0.0730334417573179,-0.844309926467412
"Kenya",-0.87107192575038,-1.28485151444136,-0.227395723532473,-1.03003379881599,-0.165245889444268,-0.593321733810761,1.07955341802665,-0.575927447068487,-0.218463917270781,-0.868395978344453,0.846543003805365,0.680416776238936,-0.511469190920836,0.857846111946041,-0.32137171845763,-0.0575999035134515,-1.38709258154609,0.942640803295792,1.55351247251084,-1.03482235752387,-1.03482235752387,1.01235167335525,0.237591000527297,0.972449316550956,-0.753536111752307,-1.12002408569267,1.41683871240407,-1.57169657807698,0.645200916293897
"Djibouti",-0.916573709127759,-1.09581615249831,-1.33103453481223,-1.17955113082125,0.101534527548542,1.18488189234931,-0.345746004392033,1.18503234230072,-1.17348466282553,-2.24390637451547,-1.75339761174734,1.25211952026522,-1.17348466282553,0.47950565333095,0.0382759752371323,-0.540100196611072,-0.437630531047301,0.437630531047301,1.10150554678709,-0.52223925228217,-0.942640803295792,0.170642380389107,1.4806610459001,2.00360134237245,-1.87968973092101,-1.16023852372926,0.944647204374985,0.737153312346233,-1.46523379268552
"Armenia",-0.933904195366328,-0.266228755112031,-0.895920341173994,0.163162116172743,-1.47350898141378,-0.93839011552516,-1.45611572520707,0.0946861292524864,0.180012369792705,0.136079492675212,-0.942097821853108,-0.141825242326318,-0.218463917270781,-0.753536111752307,-1.35859408861673,-0.354384498340875,1.13675887945677,-0.778812411231225,-0.778812411231225,-0.160889476162922,0.753536111752307,1.01235167335525,0.741005586585792,-1.01885738688099,-0.565948821932863,0.712670905474592,0.0352503570820829,0.0557062020857929,-0.336038140371823
"Myanmar",-0.973207675430597,-1.51764324505558,-1.06588570454717,-0.817406868075122,-0.0422426989097979,0.677991082535992,3.00568094384735,1.27305208276303,-0.633640000779701,-1.01393089295902,0.908541873340585,0.728732328202691,-1.2730296553877,0.10384389310277,-2.0887222379333,-0.734161354981453,-0.8045963803603,-0.257241329086499,0.500758133851913,-1.33936730456084,-0.844309926467412,-1.99614482203731,-1.0899092485687,1.61985625863827,0.857846111946041,-0.680064623157958,0.434805829214812,-1.21467465375867,-0.844309926467412
"Georgia",-0.982364408945814,-0.333207929616268,-1.73543181334166,0.160014839616146,-0.27468729222154,1.61917302516592,-1.77562459874575,-0.234633743071016,-0.180012369792705,0.500723533228402,-0.734829933981111,-0.257241329086499,0.028274010380469,-0.122812419850878,-1.36677071638389,-0.529735833042879,1.13675887945677,-1.87968973092101,-0.704368997936395,0.0754588663820661,0.028274010380469,-0.255436412643878,-0.319769742711123,-0.437630531047301,0.633640000779701,0.495771095309021,-0.444295672731497,-0.354993034506458,1.21186539705991
"Malawi",-0.986945108408432,-2.13519853280264,-1.68869723239912,-1.54072652902334,-0.108317324748916,-0.427025692656789,0.803900393370122,0.107584837528072,-1.33936730456084,-2.14999372392577,0.23967581698299,1.17348466282553,-0.704368997936395,1.13675887945677,0.0722403911979166,0.510349238940416,-0.356048143350943,1.25211952026522,1.69420905962633,-1.29451172542578,-2.16909874493611,-0.685085424496852,0.866896538957423,1.49337770394981,0.218463917270781,-0.486306925714498,1.70331295782084,-1.94992741435108,-0.113323059587658
"Sri Lanka",-1.00620108971815,-0.0953081972557618,-0.154151198132895,0.0581530091564042,0.668547857364922,-0.153534706550163,1.27175657000341,0.231355885628449,-0.458467590871497,-0.0131084611432753,0.342672735597439,-0.437630531047301,-0.396509334145014,-0.0282740103804692,-1.27066381266591,1.71989178385726,-0.0282740103804692,-0.588210549209055,-1.17348466282553,-1.69420905962633,-0.376201746254725,-0.255436412643878,0.00715964587453036,0.458467590871496,0.160889476162922,1.66082955953865,0.197568627702118,-1.8673335562978,-0.844309926467412
"Cameroon",-1.02364699944294,-1.14032025551006,-0.588397198748079,-1.52000751941937,0.335004989644225,-0.601602717691792,-0.122974303082204,1.60088627216037,-0.728732328202692,-1.12641444416624,0.403330166832179,1.61985625863827,0.306270765356875,1.25211952026522,-0.249912502807673,1.07564484861787,-1.08438193805418,0.972449316550956,1.43820484883178,-0.565948821932863,-0.885402008322565,-1.5553684153474,-1.04063939282598,0.728732328202691,0.588210549209055,-0.944289429046591,1.22064599818123,-0.321626209549305,0.23780792053137
"Bulgaria",-1.05492292590382,0.357549460605827,0.194291686939039,0.350855411550758,-0.894544483374279,-1.87201462880429,-0.966169626748041,0.242443903935865,0.122812419850878,0.509642856657868,-0.336357791334809,-0.416981787294107,1.01885738688099,-0.885402008322565,-1.07004098390388,0.230628416585394,0.437630531047301,-1.69420905962633,-0.885402008322565,0.633640000779701,0.753536111752307,0.593217023300014,0.12414875821137,-0.899434907667234,0.396509334145014,-0.0591858291998884,-0.975056646921742,0.578002519786137,1.21186539705991
"Egypt, Arab Rep.",-1.07704437340147,0.023637575125003,-0.972716324288751,-0.334081116282601,-1.59871017704124,-0.519883360829379,-1.03704922188798,2.37709889759004,-0.396509334145014,-0.00167365551665369,1.2502075809964,0.180012369792705,-1.61985625863827,0.704368997936395,0.531459600195654,-1.49304825415816,0.437630531047301,0.633640000779701,-1.43820484883178,1.55351247251084,0.753536111752307,1.01235167335525,-1.75882805862326,-0.0471345198529629,-2.16909874493611,-0.0591858291998884,-0.238549495745071,-0.822668946368377,-0.844309926467412
"Angola",-1.22641255406569,-0.29278871357515,-0.668382338121952,-1.68135452068898,-1.91306327844763,-0.407248910981325,-0.919484213808454,0.637063819931313,-1.10150554678709,-1.45209783537716,0.526204677392475,1.55351247251084,0.247512940158709,2.00360134237245,-0.0210762340572394,0.256470696448006,-2.43147239939543,1.77931599593264,1.06757052387814,-0.885402008322565,-1.00314796766253,-1.5553684153474,0.186495203176318,0.396509334145014,0.913647201385053,-1.7488374898225,0.89989890183559,-0.782414717548465,-1.46523379268552
"Mali",-1.26191928639585,-1.54322931263783,-0.0936943226184727,-1.58890483059469,-0.387203537543295,0.166550854232124,-0.281998375831037,0.934187673575295,-1.29451172542578,0.79574410601977,0.235880295078682,1.87968973092101,-1.10150554678709,2.43147239939543,-0.673199755998022,-0.755186423232407,-0.913647201385053,1.33936730456084,0.857846111946041,-0.791638607743375,-1.17348466282553,-0.255436412643878,-0.453015370571464,1.25211952026522,-0.942640803295792,-1.3090904416434,0.980116666591595,-0.963495490362837,0.23780792053137
"Comoros",-1.298463093686,-1.59678497657087,-0.855007164434015,-1.17887347315125,-1.31693756181978,0.733666460980806,-0.405841249330906,-0.5057811214257,-1.43820484883178,-1.62242470908106,-1.88247023274367,1.10150554678709,-1.77931599593264,1.00314796766253,-0.121813207555013,-0.111224669138206,-0.386335624226698,0.728732328202691,-0.500758133851913,-0.942640803295792,-0.728732328202692,-1.5553684153474,1.37876473251996,1.55351247251084,-0.23780792053137,-0.251114734622305,1.26224389879926,-1.46032792050343,0.23780792053137
"Uganda",-1.32194393019909,-1.66585375314594,0.315369219396202,-1.24725472476757,0.0770270920264947,-0.387756275515924,0.529564964581812,1.44123350726622,-0.8045963803603,-1.76733272250316,0.748749346875147,1.33936730456084,0.753536111752307,1.87968973092101,0.608052143551538,1.48426110575405,-0.830926702888386,1.69420905962633,1.61985625863827,-1.58581203457578,-1.58581203457578,-1.11837271438566,1.40061449705908,0.830926702888386,-0.680416776238936,-0.793039216955778,1.15326048545791,-1.95665461641205,0.23780792053137
"Senegal",-1.34735226036296,-1.28417762857239,-0.30593287223913,-0.966217533662605,-0.520327696113551,0.00992970594891734,-0.103839789268477,0.686366320952783,-0.656848717406931,-0.314466298403348,0.138703763541123,0.610767694252199,-1.52275685090847,1.33936730456084,-0.529240735834764,0.677944402576549,-0.857846111946041,1.21186539705991,0.588210549209055,-0.716497500177991,-0.844309926467412,0.593217023300014,0.119081392309077,1.21186539705991,0.8045963803603,-0.895999716697196,1.21227906929801,-0.796899784518954,0.23780792053137
"Gabon",-1.35489049649969,0.481008897850986,-0.535118239127616,-0.971370329820568,-0.816828567113769,0.0475445836828113,-1.59473264799406,0.778625638264827,-0.565948821932863,1.38457100209837,-1.22912386789905,0.704368997936395,1.2730296553877,0.830926702888386,-0.236341222878317,0.281995840859096,-0.208822935409233,1.06757052387814,1.33936730456084,-0.47950565333095,-0.500758133851913,0.170642380389107,-1.06692352735236,0.316161802149676,2.16909874493611,-1.37731210394459,0.744194094029987,1.20162297008651,0.23780792053137
"Tanzania",-1.46375821119589,-1.48266091775342,-0.213446514964982,-1.12464832434665,-0.75949699616609,-0.607730170570453,0.884103434268163,-0.0402973175733888,-1.69420905962633,-1.00891163705258,0.925079043234662,0.8045963803603,0.356048143350943,1.61985625863827,0.023856272178142,0.350421431031589,-1.77931599593264,1.49337770394981,1.49337770394981,-0.857846111946041,-1.58581203457578,-1.11837271438566,0.057577088868737,1.10150554678709,1.13675887945677,1.66082955953865,1.64290586242955,-1.32073402055059,-0.113323059587658
"Madagascar",-1.55921388467748,-1.67268842184286,-1.16247436607114,-0.86660475831561,-1.50640640640768,-0.277885883173438,-0.0625493239345821,-0.294132022410401,-2.00360134237245,-1.95834703758563,0.440208355033241,0.656848717406931,-0.899434907667234,0.942640803295792,0.210894714681748,0.235665722143664,-2.00360134237245,1.03482235752387,0.141825242326317,-1.49337770394981,-1.49337770394981,-1.99614482203731,1.36411657142695,1.00314796766253,-0.218463917270781,-1.67215075073147,1.48823002855073,-1.17152748422523,-0.844309926467412
"Central African Republic",-1.56208916704101,-1.98807075539282,-2.34493360108324,-1.90437501723754,0.303449214747219,-0.257697484900339,0.140632509006447,1.02049856041175,-1.87968973092101,-2.53308928100478,-0.640179103938348,2.43147239939543,-0.610767694252199,1.43820484883178,0.405907700847777,0.820400063809142,-1.23174297027651,-0.296409602086355,1.38709258154609,-1.00314796766253,-2.00360134237245,0.170642380389107,-1.57745676107087,2.16909874493611,0.416981787294106,-1.8898794257803,1.51959608976583,-0.958224768400225,0.23780792053137
"Chad",-1.57263773339884,-1.34165760578725,-0.938306891314429,-1.72004720659057,-1.28635637481419,-0.685296825122451,-0.319099879112657,1.00641829731932,-2.16909874493611,-2.08045509366136,0.096287010046988,2.16909874493611,-0.416981787294107,2.16909874493611,-0.103654720981438,0.159202728263092,-2.16909874493611,1.55351247251084,1.21186539705991,-1.21186539705991,-2.43147239939543,0.170642380389107,-0.181742128584317,1.87968973092101,-0.913647201385053,-1.6183771327003,0.890893534772719,-1.70124603580089,0.23780792053137
"Guinea",-1.58319554225361,-1.75623760757541,-1.58858367563096,-1.50493329187165,-0.459922246536709,0.147102107744145,0.500700608575432,-0.0846651681659743,-1.77931599593264,-0.680385303017476,0.00228213260344014,1.49337770394981,-1.2730296553877,1.38709258154609,-0.324718392425937,0.0613030163042329,-0.972449316550956,0.8045963803603,0.972449316550956,-0.972449316550956,-1.33936730456084,-1.5553684153474,0.747260478970458,1.38709258154609,-0.0660118123758407,-1.79755952725708,1.22064599818123,-1.08299828813641,0.23780792053137
"Burkina Faso",-1.64963490001881,-1.54970809451135,-0.692777298666533,-1.42615617741391,-0.345884209551862,0.209480986110897,-0.028060616757554,0.785633706826517,-1.25211952026522,-0.86941779192071,0.258595503918269,1.43820484883178,0.141825242326317,1.69420905962633,-0.198049288729763,0.560644162222853,-0.753536111752307,1.29451172542578,0.704368997936395,-1.38709258154609,-1.69420905962633,0.170642380389107,0.0322356212706936,0.942640803295792,-0.257241329086499,-0.413430541827991,1.43280270721607,-1.39466926082528,0.23780792053137
"Afghanistan",-1.66122750829629,-1.3966945092477,-1.87987282076087,-1.34243817354646,-1.29092840239296,-0.0938617765255197,1.01699745116528,1.07272191120664,-1.38709258154609,-1.43021080424816,0.643312395453853,1.13675887945677,-1.10150554678709,1.29451172542578,1.0181150069453,0.147945932597758,-1.87968973092101,1.13675887945677,-1.00314796766253,-1.43820484883178,-0.753536111752307,-0.255436412643878,0.700592205426983,0.490104222390551,-1.17348466282553,-1.56225518121621,-0.0203028852419925,-1.5268251730115,1.21186539705991
"Rwanda",-1.76802909239821,-1.63863861661443,-0.904752277019826,-0.986887689775823,1.10617726324975,2.16317920110817,0.0441601791555819,1.12826813727775,-0.899434907667234,-1.16647681545418,-0.0227075555380565,0.778812411231225,0.656848717406931,0.885402008322565,0.631172530478342,0.382185058360896,-1.00314796766253,0.830926702888386,1.13675887945677,-1.25211952026522,-1.43820484883178,-1.5553684153474,1.48128802844484,1.17348466282553,-0.276772384337838,0.495771095309021,1.60473483651476,-1.4387380637011,1.58581203457578
"Benin",-1.89060422739666,-1.47906582980628,-1.79189736468729,-1.30035367209763,0.272127152963436,-0.292007030905369,-0.330531750188714,0.5837471042277,-1.55351247251084,-0.724527848610823,-0.08383128942242,1.69420905962633,-0.817690678247038,1.55351247251084,-0.220298528959866,0.707945614403151,-0.885402008322565,1.10150554678709,0.830926702888386,-0.680416776238936,-1.06757052387814,-1.5553684153474,-0.476248700299703,1.06757052387814,0.500758133851913,-1.16023852372926,1.18708238266132,-0.786818789830679,0.23780792053137
"Syrian Arab Republic",-2.22492233580833,-0.533164795146034,-1.56908504385803,0.124277171828055,-1.67476429132603,0.669597306711608,1.61660653373747,0.844303200354035,-0.47950565333095,-1.3497742775779,0.279865601160547,0.10384389310277,-0.972449316550956,0.543964117424632,0.459840071256845,-2.26801648895075,-0.386335624226698,-2.43147239939543,-1.21186539705991,0.972449316550956,-0.10384389310277,-0.255436412643878,1.60573984739322,-0.0282740103804692,-1.13675887945677,-1.79755952725708,0.454816612434233,-0.173335528364706,-1.46523379268552
"Togo",-2.39612243193875,-1.67160684028233,-2.14101168945002,-1.39210727940747,-0.540381783548054,0.0117428566013383,-0.477338295039347,0.470936158904129,-1.49337770394981,-1.24829633770038,-0.314793673527225,1.21186539705991,-0.899434907667234,1.06757052387814,-0.220029072704915,0.889613433936807,-1.43820484883178,0.913647201385053,1.17348466282553,-0.830926702888386,-0.972449316550956,0.170642380389107,1.31496363861384,1.33936730456084,-1.03482235752387,-0.619106267188313,1.5274032934591,-0.961404843854628,0.23780792053137
