"","X","Country","Region","Happiness_Score","Econonmy_GDP_Per_Capita","Family","Health_Life_Expectancy","Freedom","Trust_Government_Corruption","Generosity","Air_Pollution","Internet_Usage_Index","Cellular_Subscriber_Index","Total_Population","Child_Mortality_Index","Alcohol_Consumption_Index","Birth_Rate_Index","Mental_and_Substance_Disorder_Index","Suicide_Index","Clean_Water_Index","Population_Growth_Rate","HIV_Disease_Index","Obesity_Index","Electricity_Access_Population_Percentage","Compulsory_Education_in_Years","Agricultural_Land_Percentage","Entrepreneurship_Cost_Index","Forest_Area_Land_Percentage","Infant_Immunization_Measles_Index","Automotive_Mortality_Index","Urban_Population_Percentage","Legal_Rights_Index"
"Switzerland",1,"Switzerland","Western Europe",2.43147239939543,1.44988782837303,1.59536152309781,1.5917414195252,1.84121522757346,1.80883294536433,0.594071621998407,-0.998305571181402,1.17348466282553,0.709027035225295,-0.239565992514353,-1.13151487046841,0.728732328202691,-0.9717617258692,0.734373464500015,0.4164680741339,1.13675887945677,-0.161003859760677,0.316161802149676,-0.296409602086355,0.753536111752307,1.01235167335525,-0.250110791591809,-0.533070234972238,0.10384389310277,0.178064446895181,-1.58581203457578,0.537567657033083,0.370712860893872
"Iceland",2,"Iceland","Western Europe",2.16909874493611,1.13802925583955,1.93390557215598,1.65628317017099,1.45287345806453,0.318074123307477,1.44686262096048,-1.84633638230341,2.43147239939543,0.083408245902866,-2.52525985313889,-1.95661406178615,0.0660118123758406,-0.304663675466873,0.44619238834441,0.278648210345038,1.13675887945677,-0.528513237171645,0.199201324789267,0.141825242326317,0.753536111752307,0.170642380389107,-1.12597839273265,-0.588210549209055,-1.61985625863827,0.0522995556137046,-1.58581203457578,1.62612849744941,0.048726643634854
"Denmark",3,"Denmark","Western Europe",2.00360134237245,1.21293510770881,1.66477309903496,1.02520816500103,1.66507484590811,1.95757044949924,0.896287331085992,-1.26078328519975,1.87968973092101,0.483811708601436,-0.490146231781829,-1.19139119938183,0.680416776238936,-0.601030491777107,0.429912194671995,0.132149226767286,1.13675887945677,-0.688856488909029,0.122812419850878,-0.257241329086499,0.753536111752307,0.170642380389107,0.905385110276235,-1.82720353259824,-0.396509334145014,-0.159591765939658,-1.77931599593264,1.25774088382411,0.967985343888898
"Norway",4,"Norway","Western Europe",1.87968973092101,1.66811521444186,1.48094974268266,1.10458289387,1.88795185050839,1.64500749311709,0.932087362986143,-1.58811801081939,2.00360134237245,0.0020357144454326,-0.550071296467694,-1.55367446290943,0.0943740485029919,-0.479228045135541,1.23609601351121,0.0926467142330522,1.13675887945677,-0.105605064387457,-0.336038140371823,0.356048143350943,0.753536111752307,0.170642380389107,-1.8062669870491,-1.08438193805418,0.199201324789267,0.323075501494712,-1.87968973092101,0.870824149641161,0.048726643634854
"Canada",5,"Canada","North America",1.77931599593264,1.21557510344737,1.43033226963318,1.26756905160829,1.49510295632706,1.51591704717517,1.55822088749746,-1.9839990761011,1.29451172542578,-0.801691058200022,0.681940631733698,-0.953205868870368,0.704368997936395,-0.872514726296535,1.56124573190294,0.293539423841463,0.610767694252199,-0.231046283321664,0.416981787294106,1.29451172542578,0.753536111752307,0.170642380389107,-1.63080017947869,-1.55351247251084,0.47950565333095,-0.251114734622305,-1.03482235752387,0.941844462068782,1.24809009814159
"Finland",6,"Finland","Western Europe",1.69420905962633,1.09942695080172,1.40412492338046,1.13468641207554,1.58440824089441,1.79253460944775,0.106978011496684,-1.93755444326447,1.55351247251084,0.680755798243598,-0.514801043320221,-1.62011861989837,1.33936730456084,-0.547693198333123,1.5312937012407,0.75756858691336,1.13675887945677,-0.711464352566349,-0.52223925228217,0.208822935409233,0.753536111752307,-0.255436412643878,-1.60591524824454,-1.01885738688099,1.87968973092101,0.323075501494712,-1.29451172542578,1.06922380354981,0.676209694145264
"Netherlands",7,"Netherlands","Western Europe",1.61985625863827,1.22585492499746,1.18025185697917,1.16391250506314,1.32512456693586,1.46973484148374,1.64632903377159,-0.786329705988899,1.69420905962633,0.350071305467389,0.216500722736111,-1.24544929136312,0.622163161537351,-0.596223071577247,1.32469783296219,0.000355374832744586,1.13675887945677,-0.804695526013763,-0.199201324789267,-0.0660118123758407,0.753536111752307,1.01235167335525,0.526638086848783,-0.356048143350943,-0.588210549209055,0.323075501494712,-1.58581203457578,1.41587996033392,-1.06677706202733
"Sweden",8,"Sweden","Western Europe",1.55351247251084,1.23327595465343,1.2316677271418,1.31168790706455,1.77741603217059,1.85648301610276,1.02964819429367,-2.21967034179506,1.33936730456084,0.54039357084031,-0.135498575910673,-1.51915242325676,0.468960676235104,-0.354437376526892,1.245817904162,0.475363039912148,1.13675887945677,-0.397448969743869,-0.437630531047301,-0.0282740103804692,0.753536111752307,-0.255436412643878,-1.60664905638626,-1.46523379268552,1.77931599593264,0.712670905474592,-2.28086577088399,1.15550421189282,0.370712860893872
"New Zealand",9,"New Zealand","Australia and New Zealand",1.49337770394981,0.973338830581837,1.41260520076107,1.290512842448,1.56053143027052,1.83340530445279,1.64108360170577,-2.41758689638241,1.25211952026522,0.302513601174193,-0.630129119687121,-0.972446238180113,0.957438716409626,-0.236538352568176,2.40698687656014,0.315592464791491,1.13675887945677,-0.173803575796296,-0.296409602086355,1.43820484883178,0.753536111752307,0.170642380389107,-0.0622283071426763,-1.65588869757704,0.52223925228217,0.0522995556137046,-1.00314796766253,1.181114625993,2.03251608101651
"Australia",10,"Australia","Australia and New Zealand",1.43820484883178,1.23939754324748,1.35014413930477,1.49661975180424,1.68486607713631,1.61533258481817,1.4433075912133,-2.3147675979901,1.06757052387814,0.607519282828632,0.429003167358467,-1.11919492947454,1.61985625863827,-0.422766399942058,2.52127185925568,0.213127614797853,1.13675887945677,0.121673621005274,-0.0849126598079153,1.21186539705991,0.753536111752307,0.170642380389107,0.193808272305401,-1.25211952026522,-0.356048143350943,0.323075501494712,-1.17348466282553,1.35524046867261,1.77923858294193
"Israel",11,"Israel","Middle East and Northern Africa",1.38709258154609,0.906610776876936,0.867660434841632,1.33741018269716,-0.24981347992502,-0.427082555882338,0.833385351038906,-0.185109873733628,0.8045963803603,0.62599245464902,-0.259924948062578,-1.1909856653018,-0.656848717406931,0.606859585434648,-0.25436464651283,-0.320719312705822,1.13675887945677,0.277510376288365,-0.00942355403831797,0.778812411231225,0.753536111752307,1.42810865151602,-0.862195083958623,-0.437630531047301,-0.8045963803603,1.01584144813061,-2.00360134237245,1.50993887710959,0.370712860893872
"Costa Rica",12,"Costa Rica","Latin America and Caribbean",1.33936730456084,0.130704229745121,0.943239767645235,0.922075925466632,1.50310212977948,-0.0674970832884055,0.280595027993729,-0.262325673564921,0.218463917270781,1.09925549224706,-0.60256182179405,-0.401387412604132,-0.306270765356875,-0.502590139460087,-1.70085105061406,-0.547506210484005,0.170443131739819,-0.15929766730339,-0.276772384337838,0.680416776238936,-0.160889476162922,1.42810865151602,-0.375145154949348,0.0849126598079153,1.25211952026522,0.0522995556137046,-0.0754588663820661,0.683216558305254,1.51809534929742
"Austria",13,"Austria","Western Europe",1.29451172542578,1.25136759813237,1.27817102203503,1.14490160092229,1.40876494160203,0.715086033375614,0.827855460584612,-0.537293621492055,1.03482235752387,1.28349314326557,-0.212020409056823,-1.2985684045518,0.437630531047301,-1.11793120322827,0.846407654336302,0.548337943691933,1.13675887945677,-0.660187940163004,0.356048143350943,-0.160889476162922,0.753536111752307,-0.255436412643878,-0.490580627194613,-0.199201324789267,0.942640803295792,0.495771095309021,-1.06757052387814,0.155583338263945,-0.293656491432614
"Mexico",14,"Mexico","Latin America and Caribbean",1.25211952026522,0.304786541407855,-0.506576416909647,0.623828194779977,0.215439485021837,0.907291950121929,-0.761629009002727,-0.252458186132771,0.160889476162922,-0.714545151090871,1.41935656207366,0.142323282543998,0.0471345198529629,-0.00654730753771944,-1.69555748163028,-0.803389122825144,-0.00942355403831797,0.0794086064522637,-0.0660118123758407,1.17348466282553,-0.218463917270781,1.84054851384303,0.544434826296858,0.437630531047301,0.276772384337838,0.712670905474592,-0.316161802149676,0.807181959684969,1.51809534929742
"United States",15,"United States","North America",1.21186539705991,1.4430598159657,0.993950604534246,0.932740889472555,0.707296477943694,0.482056619374719,1.25559124940767,-1.71057990727008,0.728732328202691,0.183668107613812,1.93897699612653,-0.791741467116583,0.500758133851913,-0.406336495213797,2.49952323070796,0.588967712550169,0.376201746254726,-0.450836087884674,0.633640000779701,2.16909874493611,0.753536111752307,1.42810865151602,0.0390274669846708,-0.957438716409626,0.257241329086499,-0.0591858291998884,-0.376201746254725,0.930733477400572,1.77923858294193
"Brazil",16,"Brazil","Latin America and Caribbean",1.17348466282553,0.198464106982097,0.915949403281226,0.00685401273348442,0.278379033064749,0.622488431619997,-0.709286704780198,-1.20888811482107,0.199201324789267,0.435153391055663,1.69662628440485,-0.0910522397801177,0.533070234972238,-0.594625137611695,1.19377198723553,-0.643558442563969,0.23780792053137,-0.332143765172591,0.296409602086355,0.160889476162922,-0.0660118123758407,1.84054851384303,-0.451008378868482,-0.336038140371823,1.33936730456084,0.495771095309021,0.52223925228217,1.14853247022889,-1.06677706202733
"Luxembourg",17,"Luxembourg","Western Europe",1.13675887945677,2.05790240733521,0.844619956393824,1.38168428762114,1.32579996759353,1.68732970703442,0.474524957858043,-0.579055181279109,2.16909874493611,1.04033394857498,-2.11659076746131,-1.18775152267692,0.957438716409626,-0.923102350872693,0.745260555422152,0.021140216657373,1.13675887945677,0.414947929774922,0.336038140371823,0.326083867695166,0.753536111752307,1.01235167335525,0.340198796138524,-0.704368997936395,0.23780792053137,1.66082955953865,-0.766113077130777,1.396828378127,-0.66229579137811
"Ireland",18,"Ireland","Western Europe",1.10150554678709,1.24719944276064,1.72121887420498,1.18366675352907,1.34456848990836,1.33108768012075,1.56270752233669,-1.45875408083587,0.913647201385053,-0.207663631833613,-0.617779437539547,-1.33739065743775,0.899434907667234,-0.252023224240453,1.42731209196006,0.122799360317395,0.199201324789267,-0.688856488909029,-0.23780792053137,0.656848717406931,0.753536111752307,0.170642380389107,1.01228029944802,-1.82720353259824,-0.633640000779701,0.0522995556137046,-1.38709258154609,0.0293920727471061,0.676209694145264
"Belgium",19,"Belgium","Western Europe",1.06757052387814,1.1557174751205,1.21190405699616,1.19438035831632,1.03534044218958,0.988595532195555,0.0142791259269147,-0.676740118321241,1.13675887945677,0.130491222053371,-0.0418660585007459,-1.17047885650915,0.857846111946041,-0.523421120963992,1.0633954122783,0.973164046443445,1.13675887945677,-0.519871898672241,0.160889476162922,0.180012369792705,0.753536111752307,1.01235167335525,0.0148924786424984,-0.266994125404953,-0.180012369792705,0.495771095309021,-0.871541335041964,1.84859086134916,-0.293656491432614
"United Arab Emirates",20,"United Arab Emirates","Middle East and Northern Africa",1.03482235752387,1.55610359626102,0.370848289397828,0.592564966452942,1.58316392353517,1.71184519096134,0.353139209965846,1.54397501482214,1.43820484883178,2.0924580483191,-0.17730167553706,-0.774389775436031,-0.448024744793407,-0.55538361759118,-0.395528387054078,-1.46784951494068,0.511469190920836,-0.119231658049834,-1.06757052387814,1.49337770394981,0.753536111752307,-1.5553684153474,-1.72808735739666,0.10384389310277,-0.972449316550956,1.66082955953865,-0.543964117424632,1.14058964304258,-1.06677706202733
"United Kingdom",21,"United Kingdom","Western Europe",1.00314796766253,1.02390837142979,1.21086302135235,1.29946262979852,1.14159957236551,1.48016446862733,1.84429215712163,-1.06153188068268,1.49337770394981,0.366630251505463,1.03975530909921,-1.04670314014856,1.38709258154609,-0.395506973078975,0.983397726080607,-0.279341214331778,1.13675887945677,-0.542344875059877,0.0471345198529629,1.00314796766253,0.753536111752307,0.593217023300014,1.34623055273181,-2.07925428020628,-0.458467590871497,0.323075501494712,-2.28086577088399,0.982237459844384,0.676209694145264
"Singapore",24,"Singapore","Southeastern Asia",0.972449316550956,1.89788492710181,-0.0992918813119494,2.73670472609014,0.678649654314557,1.9746730722852,0.694159332835318,-0.378524704598983,1.00314796766253,0.985911141745121,-0.508352653117451,-1.59192395549034,-0.680416776238936,-2.55242130108892,-0.804544241268073,-0.187843848528153,1.13675887945677,0.294306598585627,0.396509334145014,-1.13675887945677,0.753536111752307,-1.5553684153474,-1.87972335691108,-1.3628419377465,-0.141825242326318,0.323075501494712,-1.43820484883178,1.98038337272667,0.967985343888898
"Panama",25,"Panama","Latin America and Caribbean",0.942640803295792,0.423596471276045,0.733138055259824,0.518275455923462,0.675245918297242,-0.229367783670401,0.195735338868369,-0.95909056822381,-0.0282740103804692,1.7387057726329,-0.731797492093496,0.0121796540805841,0.306270765356875,0.282188679232771,-1.77712807751305,-0.777762630860459,-0.122812419850878,0.349663958330841,0.656848717406931,0.326083867695166,-0.437630531047301,0.593217023300014,-0.607587392872527,-0.160889476162922,1.49337770394981,-0.251114734622305,-0.416981787294107,0.184799556821981,0.676209694145264
"Germany",26,"Germany","Western Europe",0.913647201385053,1.2208918838967,1.29184860180119,1.15619178604887,1.31558591938623,0.943052309045599,0.487842005731928,-0.85861665484248,1.21186539705991,0.159151955988589,1.17020919535148,-1.30379140044528,0.8045963803603,-1.2002674723631,1.02890085888864,0.225512657264988,1.13675887945677,-0.830016954449462,0.218463917270781,0.247512940158709,0.753536111752307,1.01235167335525,0.209492092856853,-0.704368997936395,0.141825242326317,0.712670905474592,-1.33936730456084,0.606706039205052,0.370712860893872
"Chile",27,"Chile","Latin America and Caribbean",0.885402008322565,0.546958767464722,0.364765478746542,0.91021347224168,-0.0655929240937921,0.188290118554886,0.845919807658781,-0.196912003962983,0.276772384337838,0.515160153042563,0.246405511673783,-0.626866083644661,0.577043937955507,-0.524923370443854,1.61054711677628,0.271445856788669,0.316161802149676,-0.333860394941683,0.00942355403831797,1.05105553864798,-0.0471345198529629,1.42810865151602,-1.01413879043665,-0.47950565333095,-0.10384389310277,0.495771095309021,-0.34602582286066,1.36126132656417,-0.293656491432614
"Qatar",28,"Qatar","Middle East and Northern Africa",0.857846111946041,2.57460071458795,0.153226556481706,0.522439143501103,1.57105464461399,2.03035508324895,0.793718342267289,2.27695169300348,1.61985625863827,1.33043758937381,-1.05376376860835,-0.6383772093298,-1.00314796766253,-0.326111262976001,0.296497851508771,-1.1243183190306,1.13675887945677,2.22662293805587,-1.87968973092101,1.77931599593264,0.753536111752307,-0.255436412643878,-1.68293565090357,-0.23780792053137,-2.43147239939543,1.66082955953865,-0.266994125404953,1.9335449163877,-1.52510857829731
"France",29,"France","Western Europe",0.830926702888386,1.05985160149212,1.06784907826216,1.6353902855168,0.740690780697236,0.861091171505506,-0.949566633692372,-1.06787377944383,1.10150554678709,-0.238662897536639,1.03122407492967,-1.2063969306149,1.17348466282553,-0.264067044597906,1.37184077498602,0.898915047473744,1.13675887945677,-0.69841914464639,-0.47950565333095,0.10384389310277,0.753536111752307,0.170642380389107,0.426266753100571,-1.15492705105584,0.0471345198529629,-0.159591765939658,-1.21186539705991,0.82133944373671,-0.293656491432614
"Argentina",30,"Argentina","Latin America and Caribbean",0.8045963803603,0.395663987445113,1.00014240282677,0.46474946164944,-0.00876550167413186,-0.331993104125286,-1.04803949730486,-0.928030640579051,0.458467590871496,0.99073433329058,0.795965975603985,-0.167624873311982,0.247512940158709,0.0823553309711873,1.41959173535914,0.353473118325952,0.356048143350943,-0.193441033882675,0.565948821932863,1.11895838106256,0.0471345198529629,1.84054851384303,0.517322045882649,0.122812419850878,-0.704368997936395,-0.33533479187566,-0.122812419850878,1.48755513040581,-0.66229579137811
"Czech Republic",31,"Czech Republic","Central and Eastern Europe",0.778812411231225,0.75668797468123,0.774639697124408,0.816766120932217,0.0868571172938519,-1.25318864325618,-1.13549036044795,-0.161057642406586,0.942640803295792,0.339394657639554,-0.0821371506212249,-1.40757003030365,1.77931599593264,-1.01338876001346,-0.677774253344337,0.407676421024981,1.13675887945677,-1.00614875620835,-1.03482235752387,0.753536111752307,0.753536111752307,-0.255436412643878,0.528192807934573,-0.122812419850878,0.336038140371823,1.66082955953865,-0.942640803295792,0.492174207939258,0.676209694145264
"Uruguay",32,"Uruguay","Latin America and Caribbean",0.753536111752307,0.418372242517303,0.787648923253406,0.606664210133355,1.209848356362,1.11204835736578,0.0977465337685026,-1.1912316602584,0.296409602086355,1.35977395686343,-0.830772813435335,-0.215038074640527,0.0943740485029919,-0.230633589585772,1.13276528196978,1.08789676644052,0.565948821932863,-0.746281080818544,0.47950565333095,1.05105553864798,-0.0849126598079153,1.84054851384303,1.9659298576079,0.610767694252199,-0.656848717406931,0.495771095309021,0.113323059587658,1.69545894689796,-0.293656491432614
"Colombia",33,"Colombia","Latin America and Caribbean",0.728732328202691,0.0333005804153304,0.955823618344608,-0.0216880365967714,0.615449130247198,-0.825783268185125,-0.330687672852771,-0.44462918981903,0.10384389310277,0.132006627538239,0.858986113757329,0.207735921594858,-0.00942355403831797,-0.398205223209094,-2.34859738881715,-0.84297033902809,-0.306270765356875,-0.282406703693098,-0.10384389310277,0.247512940158709,-0.296409602086355,0.170642380389107,-0.153762516545985,0.28657717914942,1.17348466282553,0.178064446895181,0.23780792053137,0.663751855196501,2.03251608101651
"Thailand",34,"Thailand","Southeastern Asia",0.704368997936395,0.160193169470314,1.09407918008002,0.205884808218902,0.794891791999178,-1.15528562016541,2.08238812903149,0.173812397010989,-0.356048143350943,1.15584740210336,1.06838357460193,-0.348244901098175,0.416981787294106,-1.07174898048896,-0.801767393545489,0.287645128851309,0.170443131739819,-0.773293624644428,0.8045963803603,-0.656848717406931,-0.122812419850878,-0.255436412643878,-0.0124093649224947,-0.122812419850878,0.122812419850878,1.66082955953865,1.55351247251084,-0.535881852321024,-0.66229579137811
"Saudi Arabia",35,"Saudi Arabia","Middle East and Northern Africa",0.680416776238936,1.446131261443,0.17717031760688,0.116164965302947,-0.859595472006344,1.49870273537298,-0.800601641352296,2.26199061978128,0.47950565333095,1.80328837208461,0.602582847081173,-0.21939298076597,-1.77931599593264,0.312174040300068,-0.0843070131309587,-1.82370629446966,0.10384389310277,0.962275100270587,-0.942640803295792,1.87968973092101,0.753536111752307,-0.255436412643878,1.86993513126725,-0.180012369792705,-1.69420905962633,1.01584144813061,1.03482235752387,1.01083529567941,-1.06677706202733
"Spain",36,"Spain","Western Europe",0.656848717406931,0.911337352806388,1.377332489625,1.73786975095327,0.0582045207556061,-0.627106853782878,-0.347095478380432,-1.46937466828984,0.857846111946041,-0.0805352515583873,0.835812964504123,-1.33872960287166,0.8045963803603,-1.53972904270487,1.30592463934438,-0.746141720591235,1.13675887945677,-1.22410967957087,0.753536111752307,0.47950565333095,0.753536111752307,0.170642380389107,0.428384125045185,-0.218463917270781,0.458467590871496,0.495771095309021,-1.58581203457578,0.82439202265447,0.048726643634854
"Malta",37,"Malta","Western Europe",0.633640000779701,0.84207333233644,1.30750913221931,1.11996353180854,1.2101287799742,0.26229295758757,1.8372341274368,-0.672851637920708,0.753536111752307,0.510370259880202,-2.32835949800191,-0.94194542708636,0.122812419850878,-1.22057536213204,0.499471880027907,-1.16029464745358,1.13675887945677,-0.669740889135153,0.23780792053137,1.25211952026522,0.753536111752307,0.593217023300014,-0.534795792301448,0.247512940158709,-1.43820484883178,-0.33533479187566,-1.13675887945677,1.70116256993058,-1.06677706202733
"Kuwait",38,"Kuwait","Middle East and Northern Africa",0.610767694252199,2.02055331485727,0.566922086245797,0.138787050180169,0.781122797653499,1.17173388835347,-0.540997175855612,1.61398346219909,0.972449316550956,3.27031298197447,-0.737533050125668,-0.486721412726218,-2.16909874493611,-0.255624253600643,0.371239825374469,-2.07514727536217,0.316161802149676,1.82749405488885,-2.00360134237245,2.43147239939543,0.753536111752307,-0.255436412643878,-1.5677526107991,-0.533070234972238,-1.77931599593264,0.0522995556137046,0.160889476162922,1.87812429088911,-1.52510857829731
"Suriname",39,"Suriname","Latin America and Caribbean",0.588210549209055,0.23636536932566,-0.291927173213079,-0.369257196135479,1.14453669002497,0.267046533623347,-0.465795106067023,-0.401979097154455,-0.276772384337838,0.719007615114271,-2.1346444277118,0.130170787061594,-0.0471345198529629,0.161336228780726,0.629233691895171,1.83488488008206,-0.10384389310277,-0.238744415315388,0.728732328202691,0.817690678247038,-0.610767694252199,-1.5553684153474,-1.8948561362686,1.69420905962633,2.43147239939543,0.178064446895181,0.218463917270781,0.159088093352959,-1.06677706202733
"Trinidad and Tobago",40,"Trinidad and Tobago","Latin America and Caribbean",0.565948821932863,0.855511383862128,0.655937342921349,-0.343161327493897,0.813328887797812,-1.5470779942792,0.744699942242692,-0.837973025643064,0.437630531047301,1.29070017452991,-1.47712232747342,0.406684841733345,-0.00942355403831797,-0.553841436532381,0.259001019919226,0.45649412894135,-0.0754588663820661,-0.721034671725555,0.680416776238936,-0.336038140371823,0.753536111752307,-1.5553684153474,-1.47684642466195,-1.25211952026522,0.885402008322565,-0.33533479187566,-0.160889476162922,-2.10948962246964,0.676209694145264
"El Salvador",41,"El Salvador","Latin America and Caribbean",0.543964117424632,-0.352615292992024,-0.0782089616635671,-0.0817192295652095,-0.311374792544143,0.0699037733351263,-1.13479730070768,0.708865666948628,-0.52223925228217,0.9510373808323,-0.421089891745145,-0.018632680874207,-0.633640000779701,-0.124483334501769,-0.73005840012468,0.0296166788768532,-0.170443131739819,-0.618540119093706,0.257241329086499,0.543964117424632,-0.356048143350943,1.01235167335525,1.68533707155964,0.913647201385053,-0.47950565333095,0.323075501494712,0.257241329086499,0.191090411857889,1.24809009814159
"Guatemala",42,"Guatemala","Latin America and Caribbean",0.52223925228217,-0.398382219132716,-0.000105310265499896,-0.223778779694186,0.971965729268595,-0.203702254211218,0.433854100199686,0.615359772666115,-0.500758133851913,0.0121249556374152,0.190418069508857,0.408101074486929,-0.577043937955507,0.625752972893671,-0.626862836722861,-0.497846650885905,-0.257241329086499,0.672942861684425,-0.0282740103804692,0.028274010380469,-0.47950565333095,0.170642380389107,-0.378123968531834,0.680416776238936,0.180012369792705,-1.03536349271067,0.356048143350943,-0.485249211259154,1.24809009814159
"Slovak Republic",44,"Slovak Republic","Central and Eastern Europe",0.500758133851913,0.726769426825744,1.12210156459969,0.47486269902751,-0.820603440877183,-1.11163674995236,-0.475370477200343,-0.229758431285335,0.830926702888386,0.315794335852104,-0.520008698207501,-0.806797425103255,1.52275685090847,-1.26877131548258,-0.733609274298682,0.239078931883265,1.13675887945677,-0.965742696304146,-1.61985625863827,-0.0471345198529629,0.753536111752307,0.170642380389107,-0.167373411524975,-0.844309926467412,0.610767694252199,0.323075501494712,-0.680416776238936,-0.398635836558025,0.676209694145264
"Japan",45,"Japan","Eastern Asia",0.47950565333095,1.03764454542209,1.04958579436074,2.16866029760522,0.319971771516427,0.666377298740779,-1.13329606372694,-0.9417219951083,1.38709258154609,0.433760061840724,1.42871434596107,-1.42531308172819,0.180012369792705,-1.21764653005652,-1.02399222434269,1.13325618098335,1.13675887945677,-1.20108669088372,-0.610767694252199,-1.87968973092101,0.753536111752307,-0.255436412643878,-1.39976649777964,-0.0754588663820661,1.69420905962633,0.495771095309021,-1.25211952026522,1.58871438311864,0.048726643634854
"Ecuador",47,"Ecuador","Latin America and Caribbean",0.458467590871496,-0.106615511890424,-0.184988130277429,0.484681782208194,0.243811302548884,0.668784902009968,-1.03787108208704,-1.00462772277281,-0.10384389310277,-0.894696685519485,0.186204695614874,0.221063414638439,-0.113323059587658,0.260479815074543,-0.418372991941304,-0.272662857736167,-0.599450993867666,0.227062173941377,-0.0471345198529629,-0.218463917270781,-0.23780792053137,2.24973011940151,-0.922655345438841,0.633640000779701,1.06757052387814,-0.680064623157958,0.416981787294106,0.0523966813744796,-1.52510857829731
"Bahrain",48,"Bahrain","Middle East and Northern Africa",0.437630531047301,1.20733377291857,0.826540185556885,0.249741265771801,0.0266012390423615,1.41797942678526,-0.429765815424893,1.32493482270964,1.77931599593264,2.03651946658891,-1.47096943057668,-0.629280594220188,-0.753536111752307,-0.174190251954726,0.414083145456185,-0.51149035499917,1.13675887945677,1.64146467171112,-0.857846111946041,1.33936730456084,0.753536111752307,-0.255436412643878,-1.45009295789411,-1.15492705105584,-1.55351247251084,1.66082955953865,-0.871541335041964,1.3188999804128,-1.52510857829731
"Italy",49,"Italy","Western Europe",0.416981787294106,0.976323453458721,0.729337843046972,1.72546527313242,-1.11720893794782,-1.207242546981,0.0628387727525909,-0.283270070046392,0.336038140371823,0.864767783725556,0.983993502974942,-1.34547985250441,-0.113323059587658,-1.18039752477908,0.619480149313821,-0.850658276213604,1.13675887945677,-1.17366083404008,0.543964117424632,-0.199201324789267,0.753536111752307,1.01235167335525,0.0220723008496824,0.218463917270781,0.0849126598079153,-0.619106267188313,-1.10150554678709,0.297052488066496,-1.06677706202733
"Bolivia",50,"Bolivia","Latin America and Caribbean",0.396509334145014,-0.550172882649794,-0.266921811420516,-0.62527821709088,0.944112698646801,-0.290198887333843,-0.135197422769019,0.268891326987907,-0.257241329086499,-0.536282693281455,-0.0748233633679455,1.16710952329258,-0.160889476162922,0.556547826118344,-0.245944160812941,-0.431188404754233,-0.437630531047301,0.248934039179368,-0.141825242326318,-0.160889476162922,-0.458467590871497,1.84054851384303,-0.405521151398123,1.13675887945677,1.10150554678709,1.66082955953865,0.610767694252199,0.27551416823253,-2.08128553335863
"Moldova",51,"Moldova","Central and Eastern Europe",0.376201746254726,-0.749066499279862,-0.11879145965286,-0.329547908026381,-0.760718222092119,-1.45191497114459,-0.0984129305997175,-0.227324091416498,-0.0849126598079153,-0.0849682653780688,-0.715495065376901,-0.144495065204325,2.43147239939543,-2.3337924556888,0.276549729682206,0.854867191424825,-0.500758133851913,-1.170123962403,-0.122812419850878,-0.316161802149676,0.753536111752307,-0.255436412643878,1.55298361646115,-0.376201746254725,-0.543964117424632,-0.33533479187566,-0.416981787294107,-0.758874745223932,0.967985343888898
"Paraguay",52,"Paraguay","Latin America and Caribbean",0.356048143350943,-0.363942304980682,1.32369178765136,-0.153097675824999,0.650136194332584,-0.36449750468764,0.902777759220152,-0.7620071171633,-0.160889476162922,-0.159932455679213,-0.387734354377667,0.528887497838573,0.622163161537351,0.256421904982478,0.755736518269782,-0.587726526278328,0.218463917270781,0.065024174478389,-0.356048143350943,-0.113323059587658,-0.199201324789267,1.42810865151602,0.553898173974065,0.857846111946041,0.543964117424632,-0.737934961129755,0.633640000779701,-0.132497922353887,-1.52510857829731
"Kazakhstan",53,"Kazakhstan","Central and Eastern Europe",0.336038140371823,0.591187657950306,0.354996697794474,-0.226149900927295,0.473217576357304,-0.335998972216082,-1.00572340335358,-0.299073165875393,0.565948821932863,1.26906531954258,0.24594401246168,-0.14900361353745,0.386335624226698,0.372510625143256,-0.547209938967345,1.80094990436854,-0.23780792053137,0.156284115009555,-0.458467590871497,0.00942355403831797,0.753536111752307,-0.255436412643878,1.84839919202831,-1.46523379268552,-1.33936730456084,1.66082955953865,0.588210549209055,-0.413713574959859,-0.293656491432614
"Slovenia",54,"Slovenia","Central and Eastern Europe",0.316161802149676,0.774597050646157,1.14406808495085,1.01587903540872,1.25622253645356,-1.04905005171731,0.26725010352392,-0.243610508938103,0.680416776238936,0.0610473524166541,-1.17847642796438,-1.41225355755996,0.899434907667234,-0.816421404014815,-0.434331428546684,0.99121647784631,0.47950565333095,-0.909621835062877,-1.33936730456084,-0.113323059587658,0.753536111752307,-0.255436412643878,-0.595994227126741,-2.43147239939543,1.43820484883178,0.178064446895181,-0.942640803295792,-0.566324576234085,-0.66229579137811
"Lithuania",55,"Lithuania","Central and Eastern Europe",0.296409602086355,0.662937955143759,1.05143129740033,0.169963376579112,-1.36410494314942,-1.56929581839541,-2.17880864304189,-0.350170065595586,0.610767694252199,0.793111928690863,-0.938575199825896,-0.995196016975487,2.00360134237245,-0.77245252082391,0.631747010888874,2.24258968475043,0.0471345198529629,-1.87382970419959,-0.588210549209055,0.857846111946041,0.753536111752307,-0.255436412643878,0.21067214554277,-1.3628419377465,0.376201746254726,0.178064446895181,-0.218463917270781,0.180859084000238,0.370712860893872
"Nicaragua",56,"Nicaragua","Latin America and Caribbean",0.276772384337838,-0.751832522094836,0.44815805138301,0.229276326033252,0.779124206657736,0.764186599842475,0.458245459140208,0.234974708300968,-0.778812411231225,0.14212946692655,-0.44573108398047,0.124867514515102,-0.36610635680057,0.00918125541263591,-1.2165785188939,-0.400517090320937,-0.554922942702654,-0.0902829636859133,-0.316161802149676,0.437630531047301,-0.680416776238936,-1.11837271438566,-0.0681948776848352,1.29451172542578,-0.0849126598079153,1.66082955953865,-0.0754588663820661,-0.172064970019685,-1.52510857829731
"Peru",57,"Peru","Latin America and Caribbean",0.257241329086499,-0.0143193373425707,-0.281849959596548,0.164491188358488,-0.23846680198513,-0.689130254288784,-0.667088004362546,0.260445394011501,-0.316161802149676,-0.0333828475325009,0.599078519792833,0.31704017801498,-0.266994125404953,0.18979869889445,-1.03542590944278,-1.84812695327714,-0.633640000779701,0.0438573633717434,-0.376201746254725,-0.257241329086499,-0.396509334145014,1.84054851384303,-1.11137251402992,0.028274010380469,1.29451172542578,-0.0591858291998884,-0.189598120462421,0.774387893017648,0.967985343888898
"Belarus",58,"Belarus","Central and Eastern Europe",0.23780792053137,0.335977317783718,0.9160580189649,0.193780773562766,-0.460685014172852,0.746979560065259,-1.0941084266717,-0.232927227682305,0.23780792053137,0.352792880734284,-0.154208667593017,-1.12677440068281,2.16909874493611,-0.684309806428054,0.770874752245755,1.64385685867896,0.565948821932863,-1.08008373711213,0.0660118123758406,0.577043937955507,0.753536111752307,-0.255436412643878,-0.0585616823820811,-1.08438193805418,0.753536111752307,1.66082955953865,-0.296409602086355,0.67542366941733,-1.06677706202733
"Poland",59,"Poland","Central and Eastern Europe",0.218463917270781,0.599882069081011,1.17628822787897,0.419010178274589,0.588114188524386,-0.975999723082057,-0.488502971587764,0.0425342883616964,0.376201746254726,0.880431817157311,0.719768701216088,-0.992841593467345,1.10150554678709,-1.75829253530366,-0.930485722691766,0.82336962873392,0.276772384337838,-1.13742897832483,-0.728732328202692,0.376201746254726,0.753536111752307,-0.255436412643878,0.160651583463349,0.141825242326317,0.00942355403831797,0.495771095309021,-0.588210549209055,-0.0933257108469401,0.676209694145264
"Malaysia",60,"Malaysia","Southeastern Asia",0.199201324789267,0.597887715268558,0.115959224631086,0.134021075099086,0.580362464466111,-0.0772708057584158,0.826998694075522,-0.685263311133395,0.588210549209055,0.913516134898842,0.586209335757734,-0.696711132175221,-0.942640803295792,-0.174190251954726,-1.31541546144171,-0.154874992467072,0.257241329086499,0.285069902367266,-0.160889476162922,-0.458467590871497,0.10384389310277,-1.5553684153474,-0.898203379560268,-0.122812419850878,1.61985625863827,0.0522995556137046,0.500758133851913,0.576949843629339,0.676209694145264
"Croatia",61,"Croatia","Central and Eastern Europe",0.180012369792705,0.477002039608455,-0.896560611639707,0.46937651605927,-1.13550341408212,-1.2947202698278,-1.78768342234434,-0.133136753592952,0.500758133851913,-0.205928150618794,-0.687801523261406,-1.06237331709253,1.21186539705991,-1.16094335425026,-0.628088879513752,0.7627114237563,0.511469190920836,-1.52245351726222,-1.29451172542578,0.52223925228217,0.753536111752307,-0.685085424496852,-0.737209238089468,-0.437630531047301,0.316161802149676,0.0522995556137046,-0.610767694252199,-0.163831802252389,0.048726643634854
"Russian Federation",63,"Russian Federation","Central and Eastern Europe",0.160889476162922,0.634951223301471,0.933906537253766,-0.117311398654931,-0.536509588632936,-1.18824892127272,-2.54708561966077,-0.574491945247256,0.52223925228217,1.3527497598678,1.49529067263709,-0.533232214028378,1.87968973092101,-0.593029275037483,0.928906957115115,2.18786309731606,0.0754588663820661,-0.995602453083953,0.458467590871496,0.406724251871364,0.753536111752307,0.593217023300014,-1.35856107506859,-0.899434907667234,1.00314796766253,1.01584144813061,0.113323059587658,0.542322601689567,0.676209694145264
"Jamaica",64,"Jamaica","Latin America and Caribbean",0.141825242326317,-0.240645267908782,0.492974360082045,-0.0368875345912045,0.38155244611021,-1.31948217028524,-0.0738984065202638,-0.539322654981866,-0.296409602086355,0.0130625151016381,-0.952801829509316,-0.079142807169983,-0.306270765356875,-0.208445678775269,-0.158499713106907,-1.93364439888723,-0.170443131739819,-0.764577074627913,0.610767694252199,0.577043937955507,-0.336038140371823,-1.5553684153474,-0.119262240646562,-0.266994125404953,0.028274010380469,-0.159591765939658,-0.490104222390551,-0.347265739303033,1.24809009814159
"Cyprus",65,"Cyprus","Western Europe",0.122812419850878,0.844285312918817,-0.581921779771308,1.42294894627756,-0.291021365561701,-0.665152092227835,0.661770940469659,-0.41856929345428,0.633640000779701,-0.444166622212842,-1.59068762399556,-1.04240914346618,0.533070234972238,-1.54835970332632,0.368153774612902,-1.18391102546121,1.13675887945677,-0.390567639414641,0.0849126598079153,0.122812419850878,0.753536111752307,0.170642380389107,-1.33830771597008,0.160889476162922,-0.316161802149676,-0.251114734622305,-0.942640803295792,0.200255717231803,0.676209694145264
"Algeria",66,"Algeria","Middle East and Northern Africa",0.10384389310277,0.0872729108645882,0.149289263002341,-0.331934882124921,-0.993738335745534,0.61105625708931,-1.47984528634959,0.647118329388158,-0.376201746254725,-0.131771619774383,0.744624498332633,0.404602369977456,-1.41218757890616,0.501683911363388,0.455647274717283,-1.54636100217454,-0.728732328202692,0.545069148990843,-0.913647201385053,0.913647201385053,-0.180012369792705,0.170642380389107,-1.18111129946799,0.0660118123758406,-1.49337770394981,0.323075501494712,0.680416776238936,0.381741614697594,-1.06677706202733
"Mauritius",68,"Mauritius","Sub-Saharan Africa",0.0849126598079153,0.269569480466059,-0.240155033329649,0.0649296387125811,0.828649798746059,-0.463968476698934,1.11905678175258,-0.750780759424548,-0.0660118123758407,0.822460186803521,-1.53216481206091,-0.256439222118424,-0.511469190920836,-1.22057536213204,-1.09465576549974,-0.183935807346735,0.645200916293897,-0.886854630888011,-0.257241329086499,-0.599450993867666,-0.257241329086499,0.593217023300014,-0.078366083747049,-0.704368997936395,-0.296409602086355,1.66082955953865,-0.23780792053137,-0.972658515316929,0.370712860893872
"Indonesia",70,"Indonesia","Southeastern Asia",0.0660118123758406,-0.196312019912347,0.191398852583666,-0.24993679184,0.104092635543577,-1.78673989328723,1.82762538254385,-0.701132351128021,-0.610767694252199,0.594988145742311,1.82159871513482,0.350844077003065,-1.41218757890616,0.155220899669248,-2.1326219094998,-1.62071080065695,-0.52223925228217,-0.055413469375407,0.180012369792705,-1.06757052387814,-0.316161802149676,-0.255436412643878,-0.557661585511577,0.565948821932863,1.03482235752387,-1.12002408569267,0.00942355403831797,-0.39244035743874,0.048726643634854
"Vietnam",71,"Vietnam","Southeastern Asia",0.0471345198529629,-0.66365498008248,-0.514631965283536,0.247696558430168,1.12503048336203,-0.0844499286140685,-0.478600342654257,0.284746959438531,0.00942355403831797,0.547615607884562,1.2489313636181,0.164767063676469,0.468960676235104,-0.289746527502847,-2.01971589877718,-0.193950687558068,0.122812419850878,-0.120935442463852,0.437630531047301,-2.43147239939543,0.753536111752307,0.170642380389107,-0.269361942720504,-0.306270765356875,0.972449316550956,0.712670905474592,0.704368997936395,-1.20888483407172,0.676209694145264
"Turkey",72,"Turkey","Middle East and Northern Africa",0.028274010380469,0.416473810215453,-0.389927092020292,0.172136205142405,-1.2912814597417,0.469081297291371,-0.958300810767602,0.683651320192542,0.0471345198529629,-0.426416244452146,1.14514982884612,-0.0935498455717138,-0.753536111752307,-0.15629328571657,0.599717698874789,-1.71642198831862,1.13675887945677,0.305218833033747,-1.10150554678709,1.69420905962633,0.753536111752307,1.01235167335525,0.311328409155324,0.416981787294106,-0.376201746254725,0.712670905474592,-0.656848717406931,0.512118330733108,-1.06677706202733
"Kyrgyz Republic",73,"Kyrgyz Republic","Central and Eastern Europe",0.00942355403831797,-1.0130737184047,0.493612732077445,-0.196022097462327,-0.109248109856862,-0.972605958434194,0.619071523631739,-0.546170727367038,-0.437630531047301,0.607427753561845,-0.469806439920645,0.0928221723202992,-0.577043937955507,0.639453435521843,-0.650611715165345,0.514952917663627,-0.437630531047301,0.270789112244495,-0.416981787294107,-0.416981787294107,-0.00942355403831797,0.170642380389107,0.551839338047451,-0.645200916293897,-1.06757052387814,1.66082955953865,0.376201746254726,-1.12763304495694,0.967985343888898
"Nigeria",74,"Nigeria","Sub-Saharan Africa",-0.00942355403831797,-0.612730731616206,-0.54285540318943,-1.69705665373546,-0.674124621408805,-1.00706332537334,0.414566568864341,0.748277228412977,-0.199201324789267,-0.824635704875649,1.62507792993885,1.73910329427063,1.01885738688099,1.7201461486551,-0.33449194208537,-0.481958293596536,-1.23174297027651,1.16821263772529,1.25211952026522,-0.716497500177991,-0.913647201385053,-0.255436412643878,1.70759845099298,0.704368997936395,-0.778812411231225,-1.84453080182984,0.396509334145014,-0.644495710745298,0.370712860893872
"Azerbaijan",76,"Azerbaijan","Central and Eastern Europe",-0.0282740103804692,0.313949239252821,-0.421198424624017,-0.239541417523167,-0.515510554040597,0.497695591433795,-1.4827240168953,0.3985126965188,0.778812411231225,0.00652817718973595,-0.145266798334672,0.515016664804099,-0.857846111946041,-0.134270811468535,-1.05051669114216,-1.36795192311514,-0.554922942702654,-0.0613637663320303,-0.656848717406931,-0.257241329086499,0.753536111752307,0.170642380389107,0.682522503703107,-0.766113077130777,-0.416981787294107,1.01584144813061,-0.490104222390551,-0.354541722720661,-1.06677706202733
"Pakistan",77,"Pakistan","Southern Asia",-0.0471345198529629,-0.746929194848025,-1.75750966552274,-0.710214334935062,-1.7949128575219,-0.0816951659631968,0.866017652141376,1.55906562147932,-0.899434907667234,-1.27168996278389,1.6498314415879,1.41097050342576,-2.16909874493611,0.920176934577161,-0.165837178370473,-1.48173032085429,-0.306270765356875,0.668800097725491,-0.753536111752307,-0.791638607743375,-0.416981787294107,1.01235167335525,0.16502514988274,0.189598120462421,-1.21186539705991,-1.59062327390201,-0.10384389310277,-1.00866194990317,-1.06677706202733
"Jordan",78,"Jordan","Middle East and Northern Africa",-0.0754588663820661,-0.00971029218169828,0.0444982268848742,0.00396089447136563,-0.291718355132325,0.332569962302981,-1.0933078251251,0.782181378718612,0.028274010380469,1.87989095950444,-0.176946851046087,0.000976167914582314,-1.2730296553877,0.865352521148025,0.461923841225702,-1.64977400026497,0.0754588663820661,1.90061859400376,-2.16909874493611,2.00360134237245,0.0849126598079153,0.170642380389107,-1.41820911670869,0.490104222390551,-1.38709258154609,0.178064446895181,0.656848717406931,1.04015019097993,-2.08128553335863
"Montenegro",79,"Montenegro","Central and Eastern Europe",-0.0754588663820661,0.180121590957409,-0.538433164606735,0.14019931242426,-1.51260386976337,0.332862633353476,-0.549767466163123,-0.0203489198549116,0.396509334145014,1.41269568833702,-2.03995227051718,-0.823317318404942,1.10150554678709,-0.69997980325533,-0.889890066867027,0.269088617876762,0.565948821932863,-0.992087896478388,-1.49337770394981,0.406724251871364,0.122812419850878,-0.255436412643878,-1.18985651353517,-0.8045963803603,1.38709258154609,-1.5035553126917,-0.458467590871497,0.0654726481175377,2.03251608101651
"China",80,"China","Eastern Asia",-0.10384389310277,-0.0401749118158596,-0.388314556909133,0.636853363030428,0.476908166127886,-1.22930187634449,-1.43465797847231,1.40139714994218,-0.0471345198529629,-0.536389774869972,2.71244568726374,-0.325853941710973,0.247512940158709,-0.810583283688453,-0.555846083491195,-0.110177712873787,-0.0471345198529629,-0.639356352894714,-0.565948821932863,-1.17348466282553,0.753536111752307,-0.255436412643878,0.60971051584008,-1.25211952026522,-0.199201324789267,1.66082955953865,0.296409602086355,-0.31137755440722,-0.293656491432614
"Zambia",81,"Zambia","Sub-Saharan Africa",-0.122812419850878,-1.02143403887875,-0.500796523770719,-1.35330879464864,0.262185217200412,0.145656807976393,-0.220415190579598,0.197521317993756,-0.704368997936395,-1.04939455143496,0.184489209081704,1.2761258146331,-0.511469190920836,1.54110365577215,-0.0261527243597031,1.15836920669439,-1.29451172542578,1.47840259787692,1.77931599593264,-0.913647201385053,-1.29451172542578,-1.11837271438566,-0.530476709147186,0.778812411231225,1.55351247251084,-0.251114734622305,0.8045963803603,-0.923019066260729,0.676209694145264
"Romania",82,"Romania","Central and Eastern Europe",-0.141825242326318,0.367768429307409,-0.607187703626392,0.363791188616293,-0.631540703357109,-1.64830626352356,-0.796134256148935,-0.306678712772931,0.0849126598079153,-0.110391266122569,0.316900052423745,-0.524590376636466,1.69420905962633,-1.03728716278873,-1.42878670169524,0.145146521609534,1.13675887945677,-1.49292310599651,-0.543964117424632,0.296409602086355,0.753536111752307,0.170642380389107,0.802956322086728,-0.645200916293897,-0.00942355403831797,-0.554675368161788,-0.633640000779701,-0.356965308482022,1.24809009814159
"Portugal",84,"Portugal","Western Europe",-0.160889476162922,0.70017558034184,0.436090991746752,1.02926178184585,0.459409164180786,-1.55969802508472,-0.799218342249372,-1.4655078887477,0.416981787294106,-0.018019665331262,-0.0935137466942942,-1.44279509656039,1.52275685090847,-2.225784729272,1.13777435538378,0.0833800572462205,1.13675887945677,-1.48219248499394,1.29451172542578,-0.00942355403831797,0.753536111752307,-0.255436412643878,-0.147583697149422,-0.588210549209055,0.356048143350943,1.01584144813061,-0.766113077130777,0.0398054625048963,-1.06677706202733
"Latvia",85,"Latvia","Central and Eastern Europe",-0.180012369792705,0.564071279526057,0.230266506762326,0.136111035292075,-0.934936057787676,-0.637018833481395,-0.347189988732891,-0.238170322344443,0.885402008322565,0.460425615053233,-1.20676603752365,-0.741665011489703,0.8045963803603,-0.992359646048511,0.420699054931971,1.33016461981265,0.396509334145014,-2.08405561832621,-0.218463917270781,0.458467590871496,0.753536111752307,0.593217023300014,-0.609995128339039,-0.766113077130777,1.21186539705991,0.495771095309021,-0.52223925228217,0.221974104362765,1.24809009814159
"Philippines",86,"Philippines","Southeastern Asia",-0.199201324789267,-0.493943355114593,-0.0358252503140839,-0.47291498053783,1.41984046986356,0.125244572352403,0.240474968570655,-0.0110838769860916,-0.336038140371823,0.13219305546674,1.29712881738951,0.332235589472328,-0.199201324789267,0.580632609136828,-1.91946097659317,-0.63895249224902,-0.276772384337838,0.301861667747011,0.028274010380469,-1.10150554678709,-0.565948821932863,1.42810865151602,-0.0854228833602606,0.356048143350943,-0.0471345198529629,-0.793039216955778,-0.416981787294107,-0.784197169954759,-1.52510857829731
"Morocco",87,"Morocco","Middle East and Northern Africa",-0.218463917270781,-0.424070281898532,-1.31335137772171,-0.364005851883032,-0.225929264523264,-0.323735340457866,-1.56192705167024,-0.0455523686313185,0.141825242326317,0.442946074833826,0.662254073726976,0.392664520726461,-1.2730296553877,0.270170616061264,1.16486734346723,-0.90672983477237,-0.680416776238936,0.130119089702618,-0.680416776238936,0.728732328202691,-0.141825242326318,-0.255436412643878,1.22807414494175,-0.00942355403831797,-0.500758133851913,1.66082955953865,0.199201324789267,-0.108788662351238,-1.06677706202733
"Macedonia, FYR",88,"Macedonia, FYR","Central and Eastern Europe",-0.23780792053137,0.0330409112234354,-0.171702437826502,0.190640364716238,-0.724438276933041,-0.792616344688038,0.023569847722532,0.847606338302292,0.543964117424632,-0.3476091315906,-1.17695372501049,-0.519400467977976,-0.180012369792705,-1.00867725388208,-1.13054461262891,-0.173872491204086,0.437630531047301,-0.97979040214447,-1.69420905962633,0.276772384337838,0.753536111752307,1.42810865151602,0.311111742611553,-2.07925428020628,0.565948821932863,-0.33533479187566,-0.716497500177991,-0.246152299476489,0.370712860893872
"Albania",90,"Albania","Central and Eastern Europe",-0.257241329086499,-0.069423322367013,-0.871956661685746,0.61661946210534,-0.59257788528858,-0.624859272196496,-0.740818021663325,-0.450256048621153,0.257241329086499,-0.131888605810857,-0.940589639214441,-0.150407181696174,-0.00942355403831797,-0.636918317015684,-1.20452774493467,-0.824216675527955,-0.0754588663820661,-0.974521691164634,-2.43147239939543,0.0754588663820661,0.753536111752307,-0.255436412643878,-0.0321389206106164,0.0471345198529629,-0.0282740103804692,0.712670905474592,-0.141825242326318,-0.23281064197394,0.370712860893872
"Bosnia and Herzegovina",91,"Bosnia and Herzegovina","Central and Eastern Europe",-0.276772384337838,-0.186449452249921,-0.489847150221112,0.485023124832841,-1.91995483239679,-1.73770773950449,0.225843012234227,1.08882916011361,0.316161802149676,-0.594631251634468,-0.810334464443368,-0.631343063198264,0.180012369792705,-1.57037569275092,-0.460826433259955,-0.413541789533691,0.645200916293897,-1.67597542705329,-1.77931599593264,-0.356048143350943,0.753536111752307,-0.255436412643878,-0.0425131641911793,0.247512940158709,0.778812411231225,-0.737934961129755,0.0660118123758406,-0.968861891645844,0.676209694145264
"Lesotho",92,"Lesotho","Sub-Saharan Africa",-0.296409602086355,-1.22118840591163,-0.0109056127080419,-1.88473344324139,-0.819711754961202,0.149521561733651,-0.525102905748143,0.0700661571233766,-1.00314796766253,-0.286078322017464,-1.14562194731533,1.25635142680352,-0.0754588663820661,0.695388795883152,1.0137908221785,2.69007575647235,-0.778812411231225,0.0929402488311654,2.16909874493611,-0.376201746254725,-1.38709258154609,-1.11837271438566,1.5636461096644,0.00942355403831797,-1.29451172542578,-0.251114734622305,0.928046482316424,-1.44484884520879,0.048726643634854
"Dominican Republic",93,"Dominican Republic","Latin America and Caribbean",-0.316161802149676,-0.0267106351574653,0.597453210486843,-0.121706117876421,0.966623495924731,0.326804719873124,-0.034372706560394,-0.238172180527298,0.0660118123758406,-0.813009629134472,-0.086739310286709,0.301924321311511,0.247512940158709,0.208447112175291,0.0557670314182773,-0.755383396868345,-0.704368997936395,-0.0596635542230418,0.942640803295792,0.942640803295792,-0.276772384337838,2.24973011940151,0.244227395850721,0.336038140371823,0.704368997936395,-0.251114734622305,1.10150554678709,0.793467478164938,-1.52510857829731
"Lao PDR",94,"Lao PDR","Southeastern Asia",-0.336038140371823,-0.757652401888185,-1.06475974454168,-0.590198389166018,1.13848145204941,1.09391908926533,1.37057733113707,0.509490350839483,-0.857846111946041,-1.68479488144799,-0.385267854975338,0.989885218888106,0.180012369792705,0.445332588691352,-1.22648526709723,0.254318006909272,-1.03482235752387,0.119139491185016,-0.180012369792705,-1.58581203457578,-0.543964117424632,-1.99614482203731,-1.48799388216207,-0.306270765356875,2.00360134237245,-0.413430541827991,-0.0471345198529629,-1.01432337059461,0.370712860893872
"Mongolia",95,"Mongolia","Eastern Asia",-0.356048143350943,-0.196511078489123,1.29908405313802,-0.390768887880527,-0.0993590752296693,-1.25058756393103,0.837197412865153,-0.00381741801978428,-0.680416776238936,-0.171981225409716,-0.928114285155674,0.262406675814278,0.336038140371823,0.469957014020464,-0.0183574751755212,1.3791979638143,-1.33936730456084,0.43333435554348,-1.38709258154609,-0.0849126598079153,-0.656848717406931,1.01235167335525,1.44148300713303,-0.844309926467412,-0.728732328202692,1.01584144813061,0.437630531047301,0.445531375894614,0.048726643634854
"Swaziland",96,"Swaziland","Sub-Saharan Africa",-0.376201746254725,-0.478041358389909,0.127536706685588,-1.88572648351633,-0.881071384280042,-1.17825064120797,-0.34407243218647,-0.145987494327752,-0.416981787294107,-1.08665740965565,-1.49905756018195,1.14000240072893,-0.0754588663820661,0.694195371429419,0.210421625538606,1.28855191804132,-1.13675887945677,0.50092783933305,2.43147239939543,-0.396509334145014,-0.8045963803603,-1.11837271438566,1.35698476932567,0.656848717406931,0.296409602086355,-0.33533479187566,0.844309926467412,-1.66320925824047,-0.293656491432614
"Greece",97,"Greece","Western Europe",-0.396509334145014,0.682962523112547,-0.45287557542148,1.08112681525746,-1.98616882537239,-1.49525778936502,-2.57830965822534,-0.922682830274151,0.356048143350943,0.0534762766295121,-0.0458749691305309,-1.2034879804646,0.577043937955507,-1.72412600411718,0.9319536322573,-1.54050589606659,1.13675887945677,-1.37778359987012,-0.396509334145014,0.610767694252199,0.753536111752307,-0.255436412643878,0.815351253375173,-0.588210549209055,0.0660118123758406,0.712670905474592,-0.716497500177991,0.743547903058879,-0.66229579137811
"Lebanon",98,"Lebanon","Middle East and Northern Africa",-0.416981787294107,0.318742051644829,-0.88514629817132,0.781424645174882,-0.698181389429166,-0.913842541083458,-0.0196876232858313,0.511040259323245,0.704368997936395,-0.536835712274012,-0.471385437822025,-0.470432589021045,-0.817690678247038,-0.627017543020313,0.923814461527408,-2.25307770180852,0.316161802149676,1.8489737320131,-0.830926702888386,1.61985625863827,0.753536111752307,0.170642380389107,1.0130487633005,0.753536111752307,-0.437630531047301,-0.944289429046591,0.276772384337838,1.2641684162241,-1.06677706202733
"Hungary",99,"Hungary","Central and Eastern Europe",-0.437630531047301,0.586571945229074,0.752190248255876,0.311391171440777,-0.80043835889227,-1.23354758476052,-0.898206432697702,-0.0408268535681575,0.656848717406931,0.22078000243005,-0.134149327395096,-0.945221948201575,1.43820484883178,-1.50204496856645,-0.680350408950374,1.21142035914165,1.13675887945677,-1.32972564639023,-1.25211952026522,0.817690678247038,0.753536111752307,1.42810865151602,0.749890741283882,-0.0754588663820661,-0.160889476162922,1.66082955953865,-0.830926702888386,0.405960123034887,1.51809534929742
"Honduras",100,"Honduras","Latin America and Caribbean",-0.458467590871497,-0.747176714407407,-0.362951011623588,-0.00195178858741051,-0.32409123019166,-0.563862108769691,0.0799609769379218,0.733211304260419,-0.753536111752307,-0.440113454497907,-0.19119000737282,0.630435999461657,-0.511469190920836,0.254795227856997,-1.61126675948675,-1.19266229526853,-0.336038140371823,0.395713069499214,0.276772384337838,0.0471345198529629,-0.52223925228217,1.01235167335525,-0.672825578891668,0.885402008322565,0.680416776238936,-0.413430541827991,0.0471345198529629,-0.349778572685738,1.24809009814159
"Tajikistan",101,"Tajikistan","Central and Eastern Europe",-0.47950565333095,-1.19005088119683,-0.709106982329605,-0.500316895552169,0.146628996267105,0.407043194950119,0.0755208782630004,1.17044158042311,-0.830926702888386,-0.353104282741145,-0.221858182195877,0.796616992066038,-0.753536111752307,0.843388298549375,-1.28273097470154,-0.941491277922325,-1.17348466282553,0.796947377851237,-0.633640000779701,-0.500758133851913,0.0660118123758406,-0.255436412643878,-0.4336887427226,0.588210549209055,-1.10150554678709,0.712670905474592,0.141825242326317,-1.46440006790087,-1.52510857829731
"Tunisia",102,"Tunisia","Middle East and Northern Africa",-0.500758133851913,-0.0631527942411269,-1.39748982297077,0.203027993693817,-1.11554661420531,-0.633109708306598,-1.65736916911763,1.00276724458252,-0.141825242326318,0.527406028865217,-0.0426800626902468,0.0151695270669347,-1.03482235752387,0.00134065994487141,0.786229433126589,-1.53063852955742,0.141825242326317,-0.0630640802729927,-0.8045963803603,0.885402008322565,0.753536111752307,-0.255436412643878,1.03913564574081,-0.396509334145014,-0.857846111946041,1.01584144813061,0.565948821932863,0.196541062657303,-0.66229579137811
"Bangladesh",103,"Bangladesh","Southern Asia",-0.52223925228217,-1.17535543705346,-1.73023438241605,-0.394800274169979,-0.281632025417716,0.15648082535883,-0.0745989397449592,2.02025208174055,-1.06757052387814,-0.832943815490779,1.55946039835031,0.59548244950541,-1.77931599593264,-0.0902774482191491,-0.38655300297539,-0.295914843218842,-0.599450993867666,-0.105605064387457,-1.55351247251084,-2.16909874493611,-0.778812411231225,-1.99614482203731,1.33556172912859,0.189598120462421,-0.610767694252199,0.178064446895181,-0.266994125404953,-1.18269914271506,0.048726643634854
"Iran, Islamic Rep.",104,"Iran, Islamic Rep.","Middle East and Northern Africa",-0.543964117424632,0.272800868923148,-1.5240682408816,0.011591881239016,-0.915260318263452,-0.708528601104131,1.13927562519118,0.94000122932905,-0.23780792053137,-0.501852862792961,1.15321448583289,-0.145219141490792,-1.10150554678709,-0.684309806428054,1.90947075156329,-0.762533947680207,0.0188479450129041,-0.0409679380118209,-1.13675887945677,0.704368997936395,0.00942355403831797,-0.685085424496852,-0.704197787785951,-0.500758133851913,-0.885402008322565,1.66082955953865,1.15492705105584,0.511033381097487,-1.06677706202733
"Ukraine",105,"Ukraine","Central and Eastern Europe",-0.565948821932863,-0.268486620852967,0.755487344103357,-0.0970146157386048,-1.17462585638802,-1.19627063919538,-0.637063766092311,-0.366275640219134,-0.122812419850878,0.9171748420295,0.812884931168883,-0.540113969547509,1.2730296553877,-0.999320383253233,0.873067225186748,1.38724713335419,0.0188479450129041,-1.50007913651316,0.52223925228217,0.500758133851913,0.753536111752307,0.593217023300014,1.36758193444782,-0.957438716409626,-0.336038140371823,-1.7237755259254,-0.565948821932863,0.332035245887213,0.967985343888898
"Iraq",106,"Iraq","Middle East and Northern Africa",-0.588210549209055,0.209859772316921,-0.827006124355186,-0.39197126060843,-2.30197556371933,0.282639906576744,-0.3760344053881,1.22849354607167,-0.942640803295792,-0.48917320982861,0.684735475817586,0.557698218036417,-1.52275685090847,1.31438616226027,0.395341472126193,0.07478075044897,-0.656848717406931,1.502558688315,-0.972449316550956,1.38709258154609,-0.0282740103804692,-1.5553684153474,-1.00923465686006,0.8045963803603,-1.25211952026522,-1.69822030344968,0.180012369792705,0.321295723611343,-2.08128553335863
"South Africa",107,"South Africa","Sub-Saharan Africa",-0.610767694252199,0.0381847075553275,0.661770305973595,-1.41166611277883,-0.738669980883674,-0.279211108827974,-0.989408684668328,0.360252288170167,-0.00942355403831797,1.47666900616302,0.940449064836768,0.700925184059258,1.10150554678709,0.236773971768135,0.075517248938869,0.718704450024321,-0.208822935409233,0.0937857626437815,2.00360134237245,1.11895838106256,-0.633640000779701,-0.255436412643878,1.81914482778246,-1.65588869757704,-0.830926702888386,-1.07843423967929,0.47950565333095,0.101286798142164,0.048726643634854
"Ghana",108,"Ghana","Sub-Saharan Africa",-0.633640000779701,-0.857984468136735,-1.2191318531542,-1.06874532200376,-0.183789118787253,-0.951819962014368,0.0849804779986339,-0.0457475631163398,-0.588210549209055,0.52253490806743,0.520071901493072,1.12733168914923,-0.23780792053137,1.15357100003497,-0.545470591524201,-0.162472621714085,-0.47950565333095,0.862040889775692,1.00314796766253,-0.599450993867666,-0.704368997936395,0.593217023300014,1.25138830383335,0.533070234972238,0.656848717406931,-0.33533479187566,0.928046482316424,-0.379514838752817,0.676209694145264
"Zimbabwe",109,"Zimbabwe","Sub-Saharan Africa",-0.656848717406931,-1.43311121662255,-0.0459581659595741,-1.2578472343167,-1.13664097704271,-0.386637946788386,-0.275965640062253,-0.0541173528162172,-0.972449316550956,-0.749254090368103,0.171674144717226,1.1068282707365,-0.336038140371823,1.06014657910523,0.0100496852031543,2.00771746947171,-0.942640803295792,0.931913255705699,1.87968973092101,-0.437630531047301,-1.21186539705991,-1.11837271438566,-0.0781425018468756,1.77931599593264,0.437630531047301,-0.554675368161788,2.43147239939543,-1.25523300593881,0.048726643634854
"Liberia",110,"Liberia","Sub-Saharan Africa",-0.680416776238936,-1.8178051870864,-0.916268596278235,-1.23788833825945,-0.996304328564049,-0.65210750434016,0.189907530753656,-1.83278375152388,-1.61985625863827,-0.856330756904449,-0.647096044302031,1.24654865062158,-0.266994125404953,1.40051317037268,0.0668614576604057,1.02945510723745,-1.08438193805418,1.0441734887733,0.885402008322565,-0.633640000779701,-1.87968973092101,-1.5553684153474,-0.712360739562643,0.376201746254726,0.830926702888386,-1.5035553126917,2.16909874493611,-0.564184587781239,1.24809009814159
"India",111,"India","Southern Asia",-0.704368997936395,-0.634268536031399,-1.80720135854725,-0.708070083937844,-0.346781079261401,-0.330925994770224,0.356758417509072,1.75569945480801,-0.543964117424632,-0.944532527897541,2.67950098417704,0.856111032872759,-0.36610635680057,0.122427390149308,-0.417896453409592,1.21463936338842,-0.141825242326318,-0.0562634354460978,0.10384389310277,-2.00360134237245,-0.588210549209055,-0.685085424496852,0.81869270291891,0.28657717914942,-0.122812419850878,-0.486306925714498,0.458467590871496,-1.24113654690812,0.370712860893872
"Haiti",113,"Haiti","Latin America and Caribbean",-0.728732328202692,-1.44160884942876,-1.05092224340674,-1.10635328780678,-1.21024290158228,0.593672030615393,1.57690924947504,0.142228301720354,-1.13675887945677,-1.21477264799149,-0.075644112219712,1.27924857598284,-0.141825242326318,0.590283217919215,0.152592515657139,0.0993935906264072,-1.61985625863827,0.0497856598845154,1.03482235752387,0.208822935409233,-1.13675887945677,-1.5553684153474,1.13700094551202,2.43147239939543,-1.00314796766253,-1.79755952725708,-0.00942355403831797,-0.178022146394268,-1.06677706202733
"Ethiopia",115,"Ethiopia","Sub-Saharan Africa",-0.753536111752307,-1.59077630958208,-1.39800161169086,-0.950355800321702,-0.111037477284352,0.404793748115662,0.186908685509396,0.654704853858251,-1.21186539705991,-2.00026899878835,1.28658474514424,1.08547065943123,-0.448024744793407,1.27010286983294,0.619379922455632,0.569561905284707,-1.69420905962633,1.0801347687662,0.778812411231225,-1.77931599593264,-1.25211952026522,-0.685085424496852,-0.338817028093859,1.43820484883178,-0.52223925228217,-1.3090904416434,0.987682289851018,-1.72865336715999,-0.66229579137811
"Sierra Leone",116,"Sierra Leone","Sub-Saharan Africa",-0.778812411231225,-1.31389023556384,-0.354494567042329,-2.04428715497326,-0.280361526990979,-0.292035136275551,-0.0513814839213647,-0.330152633609509,-2.43147239939543,-0.612525889504853,-0.330916945050938,1.83423351547226,0.386335624226698,1.36670013066184,-0.22327030430293,0.0771017329181315,-1.49337770394981,0.807669154511151,0.913647201385053,-0.753536111752307,-1.77931599593264,-0.255436412643878,0.535619475232249,1.03482235752387,0.728732328202691,-1.07843423967929,1.29451172542578,-0.961935580018635,0.048726643634854
"Mauritania",117,"Mauritania","Sub-Saharan Africa",-0.8045963803603,-1.0562628652642,-0.664339529025781,-1.19129694131593,-1.22003890951408,0.617527821842348,-0.0157247310878698,1.94996115465954,-1.03482235752387,-0.618539265232154,-0.696415553148067,1.48743373248619,-2.16909874493611,1.43251585372628,-0.791061058179967,-0.882187122421517,-1.55351247251084,1.33465761658909,0.376201746254726,-0.543964117424632,-1.10150554678709,-0.255436412643878,-0.234084072809555,0.533070234972238,-2.00360134237245,-1.3090904416434,0.728732328202691,-0.123857581118738,-1.06677706202733
"Kenya",118,"Kenya","Sub-Saharan Africa",-0.830926702888386,-1.24334841393454,-0.186075829476047,-1.03003379881599,-0.192044627458476,-0.712239251222175,1.10704265999517,-0.608099061577159,-0.218463917270781,-0.868395978344453,0.846543003805365,0.903077023284996,-0.511469190920836,1.09756108070188,-0.311447962763465,-0.0562233409488941,-1.38709258154609,1.12746946670367,1.55351247251084,-1.03482235752387,-1.03482235752387,1.01235167335525,0.237591000527297,0.972449316550956,-0.753536111752307,-1.12002408569267,1.38709258154609,-1.50700211268657,0.676209694145264
"Djibouti",119,"Djibouti","Sub-Saharan Africa",-0.857846111946041,-1.08560624087902,-1.42440836264285,-1.17955113082125,0.0667162510453182,1.30207018852902,-0.359781594976605,1.21415145160595,-1.17348466282553,-2.24390637451547,-1.75339761174734,1.36614713672983,-1.17348466282553,0.551286880397466,0.0414999748489773,-0.549895455611852,-0.437630531047301,0.339606982141019,1.10150554678709,-0.52223925228217,-0.942640803295792,0.170642380389107,1.4806610459001,2.00360134237245,-1.87968973092101,-1.16023852372926,0.844309926467412,0.709701299343579,-1.52510857829731
"Armenia",120,"Armenia","Central and Eastern Europe",-0.885402008322565,-0.343735270214263,-0.953491356171502,0.163162116172743,-1.43677629157756,-1.02945206494733,-1.47571819922973,0.121634907175428,0.180012369792705,0.136079492675212,-0.942097821853108,-0.191114966971032,-0.218463917270781,-0.800923225656708,-1.35283598359055,-0.359741621556712,1.13675887945677,-0.778524847741926,-0.778812411231225,-0.160889476162922,0.753536111752307,1.01235167335525,0.741005586585792,-1.01885738688099,-0.565948821932863,0.712670905474592,0.028274010380469,0.00340682265478322,-0.293656491432614
"Myanmar",122,"Myanmar","Southeastern Asia",-0.913647201385053,-1.43295188936792,-1.1430282181757,-0.817406868075122,-0.07329207919431,0.742704317942603,2.792474246808,1.2959244372854,-0.633640000779701,-1.01393089295902,0.908541873340585,0.982487335219508,-1.2730296553877,0.00820382472499131,-2.13423039077311,-0.748284964218499,-0.8045963803603,-0.261851364359907,0.500758133851913,-1.33936730456084,-0.844309926467412,-1.99614482203731,-1.0899092485687,1.61985625863827,0.857846111946041,-0.680064623157958,0.316161802149676,-1.18956137090408,-1.06677706202733
"Georgia",123,"Georgia","Central and Eastern Europe",-0.942640803295792,-0.407078022042039,-1.8014080478775,0.160014839616146,-0.297036877315704,1.70406609690261,-1.77391058950855,-0.233521520140038,-0.180012369792705,0.500723533228402,-0.734829933981111,-0.373855938542114,0.028274010380469,-0.235355259925096,-1.36129286713141,-0.539286761048974,1.13675887945677,-1.81224544088181,-0.704368997936395,0.0754588663820661,0.028274010380469,-0.255436412643878,-0.319769742711123,-0.437630531047301,0.633640000779701,0.495771095309021,-0.34602582286066,-0.396786392229747,1.24809009814159
"Malawi",124,"Malawi","Sub-Saharan Africa",-0.972449316550956,-1.91963530745847,-1.76188405738448,-1.54072652902334,-0.137190342326158,-0.541712641256112,0.830490067153581,0.13535585158411,-1.33936730456084,-2.14999372392577,0.23967581698299,1.35431339193185,-0.704368997936395,1.39900879154131,0.0747675283332429,0.520037508604042,-0.356048143350943,1.39531195763749,1.69420905962633,-1.29451172542578,-2.16909874493611,-0.685085424496852,0.866896538957423,1.49337770394981,0.218463917270781,-0.486306925714498,2.00360134237245,-1.8412891514683,0.048726643634854
"Sri Lanka",125,"Sri Lanka","Southern Asia",-1.00314796766253,-0.178940852616576,-0.103226481989392,0.0581530091564042,0.636239597627865,-0.241023282284879,1.29601392302806,0.266170859758377,-0.458467590871497,-0.0131084611432753,0.342672735597439,-0.582642666385321,-0.396509334145014,-0.166329226857585,-1.26222002544254,1.71498868563816,-0.0282740103804692,-0.688856488909029,-1.17348466282553,-1.69420905962633,-0.376201746254725,-0.255436412643878,0.00715964587453036,0.458467590871496,0.160889476162922,1.66082955953865,0.0849126598079153,-1.76813894144041,-1.06677706202733
"Cameroon",126,"Cameroon","Sub-Saharan Africa",-1.03482235752387,-1.12307062344924,-0.601016720004723,-1.52000751941937,0.29743031664496,-0.720451511682445,-0.127898592473912,1.59199666210194,-0.728732328202692,-1.12641444416624,0.403330166832179,1.57096209736034,0.306270765356875,1.44791411259162,-0.241172313886041,1.08446003003301,-1.08438193805418,1.16495531247035,1.43820484883178,-0.565948821932863,-0.885402008322565,-1.5553684153474,-1.04063939282598,0.728732328202691,0.588210549209055,-0.944289429046591,1.23174297027651,-0.364879178401013,0.370712860893872
"Bulgaria",127,"Bulgaria","Central and Eastern Europe",-1.06757052387814,0.281935456325546,0.278736680914085,0.350855411550758,-0.884969295794781,-1.60196435206509,-0.995211974794558,0.277812480013736,0.122812419850878,0.509642856657868,-0.336357791334809,-0.5423667770295,1.01885738688099,-0.960497162499175,-1.05752176029991,0.237199164989207,0.437630531047301,-1.62021518291295,-0.885402008322565,0.633640000779701,0.753536111752307,0.593217023300014,0.12414875821137,-0.899434907667234,0.396509334145014,-0.0591858291998884,-0.8045963803603,0.539350355204252,1.24809009814159
"Egypt, Arab Rep.",128,"Egypt, Arab Rep.","Middle East and Northern Africa",-1.10150554678709,-0.0614436996449656,-1.03980862165945,-0.334081116282601,-1.55839908642351,-0.638222795411679,-1.06617856040505,2.24222082521881,-0.396509334145014,-0.00167365551665369,1.2502075809964,0.13918206250043,-1.61985625863827,0.792333537690415,0.524853222251885,-1.5080272960122,0.437630531047301,0.706890889229964,-1.43820484883178,1.55351247251084,0.753536111752307,1.01235167335525,-1.75882805862326,-0.0471345198529629,-2.16909874493611,-0.0591858291998884,-0.189598120462421,-0.834321055299268,-1.06677706202733
"Angola",130,"Angola","Sub-Saharan Africa",-1.13675887945677,-0.368934168299498,-0.693330116372247,-1.68135452068898,-1.87052917902512,-0.520758476901312,-0.948241559549034,0.683066634969007,-1.10150554678709,-1.45209783537716,0.526204677392475,1.54529645328759,0.247512940158709,1.7732198314636,-0.0166489612229822,0.263416410112376,-2.43147239939543,1.78687764994552,1.06757052387814,-0.885402008322565,-1.00314796766253,-1.5553684153474,0.186495203176318,0.396509334145014,0.913647201385053,-1.7488374898225,0.778812411231225,-0.797310091965312,-1.52510857829731
"Mali",131,"Mali","Sub-Saharan Africa",-1.17348466282553,-1.45350810103486,-0.0354023451320973,-1.58890483059469,-0.404438211239579,0.133153089556979,-0.293525104175299,0.975737564406249,-1.29451172542578,0.79574410601977,0.235880295078682,1.7612261771393,-1.10150554678709,1.88260757157189,-0.659331360132073,-0.769737560823559,-0.913647201385053,1.43002947920404,0.857846111946041,-0.791638607743375,-1.17348466282553,-0.255436412643878,-0.453015370571464,1.25211952026522,-0.942640803295792,-1.3090904416434,0.885402008322565,-0.962965072217519,0.370712860893872
"Comoros",132,"Comoros","Sub-Saharan Africa",-1.21186539705991,-1.49636948613536,-0.907129783596285,-1.17887347315125,-1.28619262898949,0.807490401742773,-0.422138542776112,-0.530876238704102,-1.43820484883178,-1.62242470908106,-1.88247023274367,1.28408101932029,-1.77931599593264,1.31160506610882,-0.115408356842418,-0.110987573060849,-0.386335624226698,0.922059253849702,-0.500758133851913,-0.942640803295792,-0.728732328202692,-1.5553684153474,1.37876473251996,1.55351247251084,-0.23780792053137,-0.251114734622305,1.33936730456084,-1.40840459861497,0.370712860893872
"Uganda",133,"Uganda","Sub-Saharan Africa",-1.25211952026522,-1.55133179275741,0.405440673870354,-1.24725472476757,0.0427501816252808,-0.499973802816694,0.550110434179781,1.4494718260094,-0.8045963803603,-1.76733272250316,0.748749346875147,1.46192124016576,0.753536111752307,1.74795901892063,0.600136651777007,1.48595514909794,-0.830926702888386,1.71346386999772,1.61985625863827,-1.58581203457578,-1.58581203457578,-1.11837271438566,1.40061449705908,0.830926702888386,-0.680416776238936,-0.793039216955778,0.987682289851018,-1.84725801884411,0.370712860893872
"Senegal",134,"Senegal","Sub-Saharan Africa",-1.29451172542578,-1.2427923819416,-0.275606805917199,-0.966217533662605,-0.530956171029218,-0.0520909853013605,-0.107948737177074,0.732392682931132,-0.656848717406931,-0.314466298403348,0.138703763541123,0.850550755774944,-1.52275685090847,1.47037674888938,-0.516541253041472,0.688425140992375,-0.857846111946041,1.37914997780058,0.588210549209055,-0.716497500177991,-0.844309926467412,0.593217023300014,0.119081392309077,1.21186539705991,0.8045963803603,-0.895999716697196,1.15492705105584,-0.810640863046518,0.370712860893872
"Gabon",135,"Gabon","Sub-Saharan Africa",-1.33936730456084,0.414408648222737,-0.539459821560057,-0.971370329820568,-0.811510477762172,-0.00790606427996781,-1.60675640469347,0.823885823322268,-0.565948821932863,1.38457100209837,-1.22912386789905,0.939239427405795,1.2730296553877,1.06667882263276,-0.227836454400996,0.289295473918123,-0.208822935409233,1.22515606230657,1.33936730456084,-0.47950565333095,-0.500758133851913,0.170642380389107,-1.06692352735236,0.316161802149676,2.16909874493611,-1.37731210394459,0.543964117424632,1.2290076904883,0.370712860893872
"Tanzania",138,"Tanzania","Sub-Saharan Africa",-1.38709258154609,-1.40476056777281,-0.170245104114216,-1.12464832434665,-0.757325067162463,-0.726510280874639,0.911557872922579,-0.0228768032428362,-1.69420905962633,-1.00891163705258,0.925079043234662,1.04712924593613,0.356048143350943,1.5541317273404,0.027374527178887,0.358586619626977,-1.77931599593264,1.54598861740553,1.49337770394981,-0.857846111946041,-1.58581203457578,-1.11837271438566,0.057577088868737,1.10150554678709,1.13675887945677,1.66082955953865,1.87968973092101,-1.28432344459281,0.048726643634854
"Madagascar",139,"Madagascar","Sub-Saharan Africa",-1.43820484883178,-1.55675230846624,-1.2479035505906,-0.86660475831561,-1.46861663367026,-0.380505533927426,-0.0648916030207547,-0.298506543411375,-2.00360134237245,-1.95834703758563,0.440208355033241,0.875705185307984,-0.899434907667234,1.2387594680884,0.210553898735391,0.242310857952059,-2.00360134237245,1.2186539572475,0.141825242326317,-1.49337770394981,-1.49337770394981,-1.99614482203731,1.36411657142695,1.00314796766253,-0.218463917270781,-1.67215075073147,1.49337770394981,-1.15086800170047,-1.06677706202733
"Central African Republic",140,"Central African Republic","Sub-Saharan Africa",-1.49337770394981,-1.80419346890355,-2.19486194232622,-1.90437501723754,0.265972364758721,-0.358150532629993,0.146936497034659,1.05867059945819,-1.87968973092101,-2.53308928100478,-0.640179103938348,1.98325403924953,-0.610767694252199,1.50595431377562,0.401637996498935,0.83087043578335,-1.23174297027651,-0.302119573796117,1.38709258154609,-1.00314796766253,-2.00360134237245,0.170642380389107,-1.57745676107087,2.16909874493611,0.416981787294106,-1.8898794257803,1.61985625863827,-0.958172666272583,0.370712860893872
"Chad",141,"Chad","Sub-Saharan Africa",-1.55351247251084,-1.29006533462996,-1.00125645561716,-1.72004720659057,-1.25693956500418,-0.801870054387791,-0.332099246426144,1.04520580581021,-2.16909874493611,-2.08045509366136,0.096287010046988,1.97718236092848,-0.416981787294107,1.85586176283165,-0.0975987798700708,0.164653078594831,-2.16909874493611,1.59095795975598,1.21186539705991,-1.21186539705991,-2.43147239939543,0.170642380389107,-0.181742128584317,1.87968973092101,-0.913647201385053,-1.6183771327003,0.753536111752307,-1.62143791751514,0.370712860893872
"Guinea",142,"Guinea","Sub-Saharan Africa",-1.61985625863827,-1.62276954544343,-1.67337437010277,-1.50493329187165,-0.473611988186432,0.109990946352804,0.520375399598377,-0.0707204830511382,-1.77931599593264,-0.680385303017476,0.00228213260344014,1.51304405606321,-1.2730296553877,1.5038417696801,-0.314741684021907,0.065030155616779,-0.972449316550956,1.01307966987824,0.972449316550956,-0.972449316550956,-1.33936730456084,-1.5553684153474,0.747260478970458,1.38709258154609,-0.0660118123758407,-1.79755952725708,1.23174297027651,-1.07119065213429,0.370712860893872
"Burkina Faso",143,"Burkina Faso","Sub-Saharan Africa",-1.69420905962633,-1.45870498412907,-0.721433591468647,-1.42615617741391,-0.365053907761973,0.184394368777345,-0.0289233032098524,0.830792252413193,-1.25211952026522,-0.86941779192071,0.258595503918269,1.49853629786928,0.141825242326317,1.6716542623368,-0.190225226760381,0.570659189378923,-0.753536111752307,1.40984997506183,0.704368997936395,-1.38709258154609,-1.69420905962633,0.170642380389107,0.0322356212706936,0.942640803295792,-0.257241329086499,-0.413430541827991,1.43820484883178,-1.3501228284185,0.370712860893872
"Afghanistan",144,"Afghanistan","Southern Asia",-1.77931599593264,-1.3350427432703,-1.91579879103922,-1.34243817354646,-1.26131016467736,-0.172702810794194,1.04481617941091,1.10839179757822,-1.38709258154609,-1.43021080424816,0.643312395453853,1.29654380865779,-1.10150554678709,1.45664686601324,1.00552673095815,0.153208838934136,-1.87968973092101,1.31927150501613,-1.00314796766253,-1.43820484883178,-0.753536111752307,-0.255436412643878,0.700592205426983,0.490104222390551,-1.17348466282553,-1.56225518121621,-0.0282740103804692,-1.46730964124779,1.24809009814159
"Rwanda",145,"Rwanda","Sub-Saharan Africa",-1.87968973092101,-1.52971571649856,-0.96346748535623,-0.986887689775823,1.10290232758903,2.07959564173661,0.0463907931963033,1.16089755772608,-0.899434907667234,-1.16647681545418,-0.0227075555380565,1.00329412729114,0.656848717406931,1.12020976730388,0.622882744925741,0.39070960865784,-1.00314796766253,1.0294490428737,1.13675887945677,-1.25211952026522,-1.43820484883178,-1.5553684153474,1.48128802844484,1.17348466282553,-0.276772384337838,0.495771095309021,1.77931599593264,-1.38925469540307,1.51809534929742
"Benin",146,"Benin","Sub-Saharan Africa",-2.00360134237245,-1.40185764570928,-1.8475561735966,-1.30035367209763,0.234837229462282,-0.396070786708046,-0.343978002136238,0.6293885684708,-1.55351247251084,-0.724527848610823,-0.08383128942242,1.61851260632727,-0.817690678247038,1.54351149621923,-0.212076069199219,0.718477371554886,-0.885402008322565,1.28036458362186,0.830926702888386,-0.680416776238936,-1.06757052387814,-1.5553684153474,-0.476248700299703,1.06757052387814,0.500758133851913,-1.16023852372926,1.06757052387814,-0.801364740271303,0.370712860893872
"Syrian Arab Republic",147,"Syrian Arab Republic","Middle East and Northern Africa",-2.16909874493611,-0.592288732336173,-1.6555544276376,0.124277171828055,-1.63293041787629,0.732886892280832,1.62551875553441,0.888368920568189,-0.47950565333095,-1.3497742775779,0.279865601160547,0.0553983486005968,-0.972449316550956,0.585787729172746,0.454541506945441,-2.20204960013083,-0.386335624226698,-2.92708771480123,-1.21186539705991,0.972449316550956,-0.10384389310277,-0.255436412643878,1.60573984739322,-0.0282740103804692,-1.13675887945677,-1.79755952725708,0.336038140371823,-0.221826843114398,-1.52510857829731
"Togo",149,"Togo","Sub-Saharan Africa",-2.43147239939543,-1.55589472702084,-2.09010183098651,-1.39210727940747,-0.549973849176385,-0.049966377973655,-0.49616841982423,0.514679937982752,-1.49337770394981,-1.24829633770038,-0.314793673527225,1.36610732341794,-0.899434907667234,1.34971301994882,-0.211811390828811,0.899844808879433,-1.43820484883178,1.09891477423092,1.17348466282553,-0.830926702888386,-0.972449316550956,0.170642380389107,1.31496363861384,1.33936730456084,-1.03482235752387,-0.619106267188313,1.69420905962633,-0.961064351145249,0.370712860893872
